,レース,芝ダ,距離,天候,馬場,着順,馬番,斤量,単勝,人気,馬体重,増減
0,1,0,1800,0,0,1,1,54.0,1.1,1,458,4
1,1,0,1800,0,0,2,6,54.0,7.6,2,488,6
2,1,0,1800,0,0,3,3,54.0,8.3,3,480,-6
3,1,0,1800,0,0,4,4,54.0,46.7,5,460,-8
4,1,0,1800,0,0,5,5,52.0,39.8,4,470,-8
5,1,0,1800,0,0,6,2,54.0,50.8,6,468,-12
6,2,1,1000,0,0,1,3,54.0,2.1,1,456,-6
7,2,1,1000,0,0,2,7,54.0,3.6,2,470,0
8,2,1,1000,0,0,3,5,54.0,113.9,10,462,14
9,2,1,1000,0,0,4,10,52.0,29.4,7,408,-4
10,2,1,1000,0,0,5,8,54.0,9.9,4,458,-10
11,2,1,1000,0,0,6,9,54.0,183.7,12,442,0
12,2,1,1000,0,0,7,12,54.0,5.3,3,440,-8
13,2,1,1000,0,0,8,11,54.0,37.6,8,456,2
14,2,1,1000,0,0,9,4,54.0,12.4,5,476,2
15,2,1,1000,0,0,10,6,54.0,180.5,11,402,-10
16,2,1,1000,0,0,11,2,52.0,72.2,9,436,-2
17,2,1,1000,0,0,12,1,54.0,22.2,6,440,-8
18,3,1,2400,0,0,1,3,52.0,3.3,1,454,4
19,3,1,2400,0,0,2,1,56.0,27.8,7,478,0
20,3,1,2400,0,0,3,7,56.0,10.8,5,532,0
21,3,1,2400,0,0,4,5,56.0,3.8,3,486,-14
22,3,1,2400,0,0,5,2,54.0,47.0,10,430,-4
23,3,1,2400,0,0,6,4,55.0,27.9,9,450,-8
24,3,1,2400,0,0,7,10,55.0,27.9,8,514,-4
25,3,1,2400,0,0,8,6,56.0,8.4,4,478,-6
26,3,1,2400,0,0,9,9,56.0,3.5,2,468,-2
27,3,1,2400,0,0,10,8,56.0,14.7,6,478,2
28,4,1,1700,0,0,1,14,54.0,4.3,2,438,-20
29,4,1,1700,0,0,2,7,56.0,2.3,1,456,-8
30,4,1,1700,0,0,3,8,54.0,13.4,4,422,0
31,4,1,1700,0,0,4,3,56.0,17.4,7,466,-10
32,4,1,1700,0,0,5,11,54.0,16.0,5,448,-4
33,4,1,1700,0,0,6,12,54.0,302.2,13,470,-12
34,4,1,1700,0,0,7,10,56.0,41.5,10,514,-4
35,4,1,1700,0,0,8,6,56.0,16.3,6,458,-6
36,4,1,1700,0,0,9,5,54.0,34.5,9,494,6
37,4,1,1700,0,0,10,1,54.0,4.9,3,508,0
38,4,1,1700,0,0,11,4,51.0,59.4,12,420,-8
39,4,1,1700,0,0,12,13,54.0,23.5,8,450,14
40,4,1,1700,0,0,13,2,56.0,46.1,11,534,-8
41,4,1,1700,0,0,14,9,55.0,590.8,14,440,-4
42,5,0,1500,0,0,1,13,54.0,5.2,2,434,0
43,5,0,1500,0,0,2,10,54.0,1.7,1,430,0
44,5,0,1500,0,0,3,5,54.0,5.5,3,476,0
45,5,0,1500,0,0,4,8,54.0,20.5,5,500,0
46,5,0,1500,0,0,5,1,54.0,11.9,4,516,0
47,5,0,1500,0,0,6,3,52.0,124.6,10,464,0
48,5,0,1500,0,0,7,11,52.0,89.1,8,502,0
49,5,0,1500,0,0,8,4,53.0,188.1,11,454,0
50,5,0,1500,0,0,9,12,54.0,99.1,9,462,0
51,5,0,1500,0,0,10,2,54.0,59.1,7,486,0
52,5,0,1500,0,0,11,6,54.0,30.2,6,450,0
53,5,0,1500,0,0,12,9,53.0,492.3,13,412,0
54,5,0,1500,0,0,13,7,54.0,271.3,12,474,0
55,6,0,2000,0,0,1,9,56.0,12.6,7,492,-2
56,6,0,2000,0,0,2,5,56.0,7.4,4,460,10
57,6,0,2000,0,0,3,2,56.0,10.2,6,430,-14
58,6,0,2000,0,0,4,6,52.0,6.8,3,420,-4
59,6,0,2000,0,0,5,3,53.0,13.9,9,460,-10
60,6,0,2000,0,0,6,12,56.0,4.2,2,526,8
61,6,0,2000,0,0,7,7,56.0,8.0,5,496,0
62,6,0,2000,0,0,8,4,56.0,13.4,8,492,6
63,6,0,2000,0,0,9,10,54.0,36.0,10,454,-4
64,6,0,2000,0,0,10,11,54.0,4.1,1,444,4
65,6,0,2000,0,0,11,8,54.0,145.5,12,452,-8
66,6,0,2000,0,0,12,1,53.0,111.3,11,462,6
67,7,1,1000,0,0,1,6,55.0,20.2,8,506,14
68,7,1,1000,0,0,2,1,53.0,12.1,7,428,-2
69,7,1,1000,0,0,3,4,55.0,2.8,1,434,-6
70,7,1,1000,0,0,4,10,54.0,5.0,2,468,-4
71,7,1,1000,0,0,5,9,57.0,10.6,6,474,-6
72,7,1,1000,0,0,6,11,56.0,7.4,4,460,2
73,7,1,1000,0,0,7,3,55.0,68.6,11,448,-16
74,7,1,1000,0,0,8,5,57.0,6.7,3,440,-16
75,7,1,1000,0,0,9,8,57.0,30.3,9,486,4
76,7,1,1000,0,0,10,2,52.0,7.7,5,504,0
77,7,1,1000,0,0,11,12,57.0,68.4,10,454,-4
78,7,1,1000,0,0,12,7,55.0,201.3,12,502,-10
79,8,0,1200,0,0,1,6,52.0,1.6,1,458,0
80,8,0,1200,0,0,2,8,55.0,2.9,2,450,-2
81,8,0,1200,0,0,3,4,55.0,16.1,4,438,6
82,8,0,1200,0,0,4,5,55.0,10.8,3,416,-6
83,8,0,1200,0,0,5,9,55.0,24.9,6,472,-4
84,8,0,1200,0,0,6,2,55.0,16.1,5,496,-4
85,8,0,1200,0,0,7,3,55.0,163.6,9,458,-6
86,8,0,1200,0,0,8,7,55.0,280.3,10,440,-14
87,8,0,1200,0,0,9,1,55.0,70.3,8,428,-10
88,8,0,1200,0,0,10,10,55.0,56.2,7,402,18
89,9,1,1700,0,0,1,3,57.0,4.7,2,504,2
90,9,1,1700,0,0,2,8,54.0,21.1,6,474,-8
91,9,1,1700,0,0,3,9,55.0,9.0,4,470,-6
92,9,1,1700,0,0,4,5,55.0,1.7,1,484,2
93,9,1,1700,0,0,5,11,55.0,29.8,8,440,-14
94,9,1,1700,0,0,6,12,57.0,28.1,7,434,-8
95,9,1,1700,0,0,7,13,54.0,7.2,3,458,-10
96,9,1,1700,0,0,8,1,54.0,32.0,9,468,-2
97,9,1,1700,0,0,9,2,57.0,20.3,5,478,0
98,9,1,1700,0,0,10,10,57.0,232.9,12,476,-6
99,9,1,1700,0,0,11,7,57.0,158.6,11,492,2
100,9,1,1700,0,0,12,6,52.0,86.1,10,464,-2
101,10,0,1500,0,0,1,2,57.0,7.5,3,508,4
102,10,0,1500,0,0,2,4,57.0,2.8,2,448,4
103,10,0,1500,0,0,3,12,52.0,60.1,9,474,-6
104,10,0,1500,0,0,4,11,57.0,11.7,5,464,-6
105,10,0,1500,0,0,5,5,57.0,35.7,7,470,-6
106,10,0,1500,0,0,6,14,52.0,85.2,10,450,4
107,10,0,1500,0,0,7,8,54.0,2.2,1,498,10
108,10,0,1500,0,0,8,3,55.0,248.4,13,426,4
109,10,0,1500,0,0,9,9,57.0,26.5,6,508,-12
110,10,0,1500,0,0,10,7,54.0,10.0,4,440,-2
111,10,0,1500,0,0,11,13,57.0,46.0,8,464,-2
112,10,0,1500,0,0,12,6,52.0,316.2,14,422,-2
113,10,0,1500,0,0,13,10,54.0,214.5,11,450,-12
114,10,0,1500,0,0,14,1,57.0,232.4,12,496,0
115,11,0,1800,0,0,1,13,56.0,3.7,2,442,-8
116,11,0,1800,0,0,2,12,57.0,2.8,1,460,-4
117,11,0,1800,0,0,3,7,53.0,40.1,11,468,-14
118,11,0,1800,0,0,4,3,54.0,265.6,14,470,-18
119,11,0,1800,0,0,5,5,56.0,10.1,4,456,0
120,11,0,1800,0,0,6,9,57.0,14.8,6,448,-2
121,11,0,1800,0,0,7,11,53.0,17.0,7,496,-6
122,11,0,1800,0,0,8,6,56.0,23.3,9,468,-10
123,11,0,1800,0,0,9,2,55.0,7.1,3,446,-8
124,11,0,1800,0,0,10,10,55.0,23.1,8,480,2
125,11,0,1800,0,0,11,1,53.0,110.9,13,466,-6
126,11,0,1800,0,0,11,4,54.0,27.9,10,462,-8
127,11,0,1800,0,0,13,8,55.0,11.9,5,506,-4
128,11,0,1800,0,0,14,14,56.0,44.4,12,500,-10
129,12,0,2600,0,0,1,7,55.0,2.0,1,492,0
130,12,0,2600,0,0,2,6,57.0,8.8,3,460,-10
131,12,0,2600,0,0,3,9,57.0,13.6,5,422,-10
132,12,0,2600,0,0,4,10,55.0,18.3,6,414,-6
133,12,0,2600,0,0,5,2,54.0,2.8,2,452,0
134,12,0,2600,0,0,6,3,57.0,63.8,8,476,-4
135,12,0,2600,0,0,7,5,57.0,44.5,7,412,-6
136,12,0,2600,0,0,8,4,57.0,67.4,10,496,-12
137,12,0,2600,0,0,9,8,57.0,9.5,4,464,0
138,12,0,2600,0,0,10,1,57.0,65.7,9,460,-8
139,1,0,1200,0,0,1,2,54.0,1.7,1,500,-2
140,1,0,1200,0,0,2,1,54.0,2.0,2,414,0
141,1,0,1200,0,0,3,4,54.0,33.5,4,444,-6
142,1,0,1200,0,0,4,8,54.0,87.7,7,434,-4
143,1,0,1200,0,0,5,7,54.0,24.5,3,422,0
144,1,0,1200,0,0,6,3,52.0,83.0,6,418,-8
145,1,0,1200,0,0,7,5,53.0,150.5,8,396,-10
146,1,0,1200,0,0,8,6,54.0,34.1,5,476,-8
147,2,1,1000,0,0,1,9,56.0,2.9,1,496,-8
148,2,1,1000,0,0,2,5,56.0,3.0,2,460,-8
149,2,1,1000,0,0,3,12,53.0,9.2,4,480,4
150,2,1,1000,0,0,4,3,54.0,16.9,6,436,2
151,2,1,1000,0,0,5,11,56.0,15.3,5,456,-2
152,2,1,1000,0,0,6,4,54.0,28.7,7,474,-6
153,2,1,1000,0,0,7,6,55.0,55.9,10,442,0
154,2,1,1000,0,0,8,8,54.0,58.1,11,412,-6
155,2,1,1000,0,0,9,2,54.0,4.6,3,488,-4
156,2,1,1000,0,0,10,7,56.0,54.2,9,458,2
157,2,1,1000,0,0,11,1,54.0,65.1,12,450,-1
158,2,1,1000,0,0,12,10,55.0,37.2,8,490,0
159,3,1,1700,0,0,1,4,56.0,5.1,2,482,10
160,3,1,1700,0,0,2,6,56.0,48.4,9,456,-8
161,3,1,1700,0,0,3,12,54.0,43.5,8,436,-2
162,3,1,1700,0,0,4,14,56.0,9.4,4,480,2
163,3,1,1700,0,0,5,8,55.0,5.8,3,506,2
164,3,1,1700,0,0,6,7,56.0,9.5,5,442,2
165,3,1,1700,0,0,7,10,54.0,15.8,6,452,-6
166,3,1,1700,0,0,8,11,56.0,70.4,11,466,4
167,3,1,1700,0,0,9,5,52.0,61.2,10,456,-6
168,3,1,1700,0,0,10,1,56.0,2.0,1,482,-2
169,3,1,1700,0,0,11,2,54.0,224.2,14,470,-2
170,3,1,1700,0,0,12,13,54.0,93.1,12,462,-2
171,3,1,1700,0,0,13,3,56.0,101.6,13,428,-8
172,3,1,1700,0,0,14,9,56.0,33.5,7,466,-6
173,4,0,1500,0,0,1,13,54.0,1.7,1,454,-8
174,4,0,1500,0,0,2,2,54.0,4.9,2,474,-8
175,4,0,1500,0,0,3,12,54.0,94.2,12,436,-8
176,4,0,1500,0,0,4,6,52.0,32.2,8,418,6
177,4,0,1500,0,0,5,14,54.0,43.8,9,420,0
178,4,0,1500,0,0,6,11,54.0,52.1,10,416,2
179,4,0,1500,0,0,7,7,56.0,13.5,5,476,-12
180,4,0,1500,0,0,8,9,56.0,31.2,7,466,2
181,4,0,1500,0,0,9,5,54.0,7.8,3,422,2
182,4,0,1500,0,0,10,3,56.0,11.1,4,474,2
183,4,0,1500,0,0,11,10,56.0,18.9,6,458,0
184,4,0,1500,0,0,12,8,54.0,262.6,14,394,16
185,4,0,1500,0,0,13,4,54.0,63.4,11,428,-12
186,4,0,1500,0,0,14,1,56.0,189.4,13,440,-6
187,5,0,1800,0,0,1,10,54.0,3.0,2,468,0
188,5,0,1800,0,0,2,7,54.0,7.1,4,448,0
189,5,0,1800,0,0,3,6,54.0,62.7,7,464,0
190,5,0,1800,0,0,4,2,54.0,48.1,6,488,0
191,5,0,1800,0,0,5,1,54.0,2.7,1,482,0
192,5,0,1800,0,0,6,5,54.0,3.8,3,472,0
193,5,0,1800,0,0,7,8,54.0,25.1,5,494,0
194,5,0,1800,0,0,8,3,54.0,105.6,8,480,0
195,5,0,1800,0,0,9,4,54.0,197.0,10,480,0
196,5,0,1800,0,0,10,9,54.0,125.3,9,492,0
197,6,1,1700,0,0,1,2,54.0,1.8,1,532,0
198,6,1,1700,0,0,2,9,54.0,16.8,5,442,0
199,6,1,1700,0,0,3,14,53.0,54.5,8,488,0
200,6,1,1700,0,0,4,7,54.0,3.1,2,474,0
201,6,1,1700,0,0,5,11,54.0,15.6,4,458,0
202,6,1,1700,0,0,6,13,54.0,10.2,3,444,0
203,6,1,1700,0,0,7,5,54.0,136.0,10,492,0
204,6,1,1700,0,0,8,8,54.0,41.3,7,466,0
205,6,1,1700,0,0,9,1,54.0,248.9,14,422,0
206,6,1,1700,0,0,10,10,54.0,56.5,9,486,0
207,6,1,1700,0,0,11,12,54.0,38.9,6,496,0
208,6,1,1700,0,0,12,3,54.0,147.7,11,482,0
209,6,1,1700,0,0,13,4,52.0,211.1,13,440,0
210,6,1,1700,0,0,14,6,54.0,168.5,12,490,0
211,7,0,2000,0,0,1,4,57.0,1.7,1,506,-10
212,7,0,2000,0,0,2,6,55.0,11.7,3,450,-10
213,7,0,2000,0,0,3,9,55.0,2.6,2,432,16
214,7,0,2000,0,0,4,8,57.0,21.8,5,480,2
215,7,0,2000,0,0,5,2,52.0,16.1,4,440,0
216,7,0,2000,0,0,6,7,57.0,27.2,7,478,-12
217,7,0,2000,0,0,7,3,54.0,22.4,6,440,-6
218,7,0,2000,0,0,8,5,54.0,76.0,8,436,10
219,7,0,2000,0,0,9,1,57.0,151.3,9,496,-4
220,8,1,1700,0,0,1,13,57.0,6.2,4,504,4
221,8,1,1700,0,0,2,4,54.0,22.7,7,486,-6
222,8,1,1700,0,0,3,1,57.0,5.2,2,478,0
223,8,1,1700,0,0,4,9,57.0,31.1,10,490,-2
224,8,1,1700,0,0,5,5,57.0,3.3,1,434,-6
225,8,1,1700,0,0,6,8,55.0,5.4,3,454,8
226,8,1,1700,0,0,7,12,57.0,120.2,12,448,-8
227,8,1,1700,0,0,8,7,54.0,10.4,6,432,-8
228,8,1,1700,0,0,9,3,52.0,24.6,8,460,22
229,8,1,1700,0,0,10,14,55.0,128.6,13,492,10
230,8,1,1700,0,0,11,11,54.0,219.5,14,464,6
231,8,1,1700,0,0,12,10,54.0,30.6,9,460,-8
232,8,1,1700,0,0,13,2,55.0,7.3,5,472,-12
233,8,1,1700,0,0,14,6,52.0,71.8,11,486,-6
234,9,0,1800,0,0,1,3,57.0,16.2,7,448,4
235,9,0,1800,0,0,2,5,54.0,3.8,2,464,-8
236,9,0,1800,0,0,3,4,55.0,58.2,8,446,-12
237,9,0,1800,0,0,4,1,57.0,3.4,1,470,0
238,9,0,1800,0,0,5,7,54.0,4.7,3,438,-8
239,9,0,1800,0,0,6,6,52.0,7.7,5,538,2
240,9,0,1800,0,0,7,2,57.0,5.0,4,500,-2
241,9,0,1800,0,0,8,8,54.0,11.7,6,462,4
242,10,1,1700,0,0,1,4,55.0,3.5,2,488,-16
243,10,1,1700,0,0,2,7,55.0,6.3,4,476,-6
244,10,1,1700,0,0,3,5,55.0,17.0,6,490,0
245,10,1,1700,0,0,4,6,55.0,4.6,3,472,6
246,10,1,1700,0,0,5,10,55.0,20.8,7,492,6
247,10,1,1700,0,0,6,12,55.0,12.0,5,452,-14
248,10,1,1700,0,0,7,8,55.0,166.6,12,444,-12
249,10,1,1700,0,0,8,3,55.0,3.3,1,480,-6
250,10,1,1700,0,0,9,11,55.0,29.6,8,512,8
251,10,1,1700,0,0,10,9,55.0,45.6,10,450,-10
252,10,1,1700,0,0,11,2,55.0,52.0,11,484,8
253,10,1,1700,0,0,12,1,55.0,33.2,9,470,-4
254,11,0,1800,0,0,1,9,55.0,3.2,1,490,0
255,11,0,1800,0,0,2,5,55.0,6.9,4,460,-14
256,11,0,1800,0,0,3,2,56.0,4.5,2,488,4
257,11,0,1800,0,0,4,3,55.0,13.4,7,472,0
258,11,0,1800,0,0,5,8,55.0,22.4,9,476,2
259,11,0,1800,0,0,6,11,55.0,17.1,8,460,-2
260,11,0,1800,0,0,7,1,55.0,13.2,6,492,-12
261,11,0,1800,0,0,8,10,55.0,64.0,10,472,2
262,11,0,1800,0,0,9,4,51.0,7.8,5,532,10
263,11,0,1800,0,0,10,6,51.0,5.9,3,446,6
264,11,0,1800,0,0,11,7,55.0,96.2,11,458,-8
265,12,0,1500,0,0,1,3,55.0,4.5,2,490,-2
266,12,0,1500,0,0,2,5,55.0,1.4,1,466,-6
267,12,0,1500,0,0,3,10,54.0,15.9,5,442,-6
268,12,0,1500,0,0,4,7,57.0,74.8,8,502,-2
269,12,0,1500,0,0,5,2,55.0,9.5,4,420,0
270,12,0,1500,0,0,6,8,55.0,57.6,7,492,-6
271,12,0,1500,0,0,7,9,55.0,7.8,3,474,-8
272,12,0,1500,0,0,8,6,55.0,39.3,6,480,10
273,12,0,1500,0,0,9,4,57.0,207.6,9,486,-2
274,1,1,1000,0,0,1,1,54.0,1.3,1,476,-4
275,1,1,1000,0,0,2,9,54.0,43.3,9,446,-4
276,1,1,1000,0,0,3,10,52.0,8.7,3,466,0
277,1,1,1000,0,0,4,6,54.0,34.2,6,444,-2
278,1,1,1000,0,0,5,7,54.0,200.9,12,456,-8
279,1,1,1000,0,0,6,12,53.0,29.1,5,426,-2
280,1,1,1000,0,0,7,8,51.0,102.2,11,434,2
281,1,1,1000,0,0,8,3,54.0,15.5,4,470,4
282,1,1,1000,0,0,9,4,54.0,8.1,2,436,-4
283,1,1,1000,0,0,10,2,54.0,88.2,10,458,-2
284,1,1,1000,0,0,11,5,52.0,36.9,7,406,2
285,1,1,1000,0,0,12,11,54.0,42.1,8,448,-6
286,2,1,1700,0,0,1,3,54.0,3.3,2,436,-12
287,2,1,1700,0,0,2,2,53.0,9.0,5,426,-2
288,2,1,1700,0,0,3,4,54.0,18.5,6,456,-8
289,2,1,1700,0,0,4,12,54.0,5.1,3,468,2
290,2,1,1700,0,0,5,6,54.0,6.6,4,458,-8
291,2,1,1700,0,0,6,7,54.0,80.6,10,440,-6
292,2,1,1700,0,0,7,14,52.0,78.7,9,414,16
293,2,1,1700,0,0,8,11,52.0,66.5,8,400,-16
294,2,1,1700,0,0,9,10,54.0,2.8,1,474,4
295,2,1,1700,0,0,10,5,54.0,83.2,11,478,18
296,2,1,1700,0,0,11,13,51.0,228.1,12,386,-10
297,2,1,1700,0,0,12,8,54.0,256.1,14,428,4
298,2,1,1700,0,0,13,9,54.0,240.0,13,452,2
299,2,1,1700,0,0,14,1,54.0,43.2,7,452,-10
300,3,0,1200,0,0,1,9,54.0,74.3,11,416,12
301,3,0,1200,0,0,2,11,56.0,7.0,4,498,-2
302,3,0,1200,0,0,3,1,54.0,3.0,2,430,-14
303,3,0,1200,0,0,4,15,54.0,6.4,3,450,0
304,3,0,1200,0,0,5,7,56.0,48.4,8,442,-10
305,3,0,1200,0,0,6,14,54.0,43.3,6,418,0
306,3,0,1200,0,0,7,13,52.0,53.2,10,454,-4
307,3,0,1200,0,0,8,6,54.0,9.2,5,450,-4
308,3,0,1200,0,0,9,8,54.0,269.5,14,426,0
309,3,0,1200,0,0,9,10,54.0,47.2,7,454,-10
310,3,0,1200,0,0,11,5,56.0,51.8,9,494,6
311,3,0,1200,0,0,12,2,54.0,2.6,1,426,-2
312,3,0,1200,0,0,13,12,54.0,197.5,12,436,0
313,3,0,1200,0,0,14,4,54.0,706.1,16,408,-10
314,3,0,1200,0,0,15,3,55.0,355.9,15,440,-2
315,3,0,1200,0,0,16,16,54.0,256.7,13,388,4
316,4,1,1700,0,0,1,7,56.0,7.1,3,504,-4
317,4,1,1700,0,0,2,12,56.0,4.1,2,490,-6
318,4,1,1700,0,0,3,8,56.0,14.5,5,482,6
319,4,1,1700,0,0,4,2,56.0,2.1,1,478,-10
320,4,1,1700,0,0,5,3,54.0,22.3,7,420,-6
321,4,1,1700,0,0,6,6,56.0,117.2,12,496,2
322,4,1,1700,0,0,7,14,52.0,98.1,11,430,-6
323,4,1,1700,0,0,8,10,54.0,285.2,13,474,0
324,4,1,1700,0,0,9,13,56.0,35.9,8,454,6
325,4,1,1700,0,0,10,9,56.0,15.9,6,462,-10
326,4,1,1700,0,0,11,11,54.0,43.4,9,476,2
327,4,1,1700,0,0,12,5,53.0,49.0,10,420,-4
328,4,1,1700,0,0,13,1,56.0,7.2,4,422,-12
329,4,1,1700,0,0,14,4,53.0,335.5,14,466,-10
330,5,0,1200,0,0,1,9,54.0,2.9,2,442,0
331,5,0,1200,0,0,2,5,52.0,15.4,4,424,0
332,5,0,1200,0,0,3,1,54.0,54.4,9,422,0
333,5,0,1200,0,0,4,3,54.0,1.9,1,486,0
334,5,0,1200,0,0,5,10,54.0,36.2,7,436,0
335,5,0,1200,0,0,6,2,54.0,21.6,5,406,0
336,5,0,1200,0,0,7,12,54.0,70.0,10,434,0
337,5,0,1200,0,0,8,6,54.0,45.6,8,432,0
338,5,0,1200,0,0,9,4,54.0,11.1,3,496,0
339,5,0,1200,0,0,10,7,54.0,114.0,11,382,0
340,5,0,1200,0,0,11,8,54.0,21.9,6,442,0
341,5,0,1200,0,0,12,11,54.0,152.2,12,476,0
342,6,0,2600,0,0,1,9,56.0,6.2,3,490,-6
343,6,0,2600,0,0,2,4,54.0,22.7,9,444,-6
344,6,0,2600,0,0,3,1,56.0,8.0,5,488,-6
345,6,0,2600,0,0,4,2,54.0,4.7,2,432,-12
346,6,0,2600,0,0,5,6,56.0,6.3,4,488,-2
347,6,0,2600,0,0,6,8,56.0,18.3,8,460,8
348,6,0,2600,0,0,7,13,56.0,117.5,13,512,-2
349,6,0,2600,0,0,8,5,56.0,4.0,1,454,-4
350,6,0,2600,0,0,9,12,56.0,16.6,7,470,-10
351,6,0,2600,0,0,10,14,56.0,37.0,10,476,-8
352,6,0,2600,0,0,11,7,56.0,9.7,6,530,-2
353,6,0,2600,0,0,12,11,52.0,44.2,12,486,4
354,6,0,2600,0,0,13,3,52.0,37.4,11,462,6
355,6,0,2600,0,0,14,10,53.0,169.6,14,414,-12
356,7,1,1000,0,0,1,8,54.0,2.1,1,472,10
357,7,1,1000,0,0,2,6,55.0,19.9,6,462,-16
358,7,1,1000,0,0,3,5,57.0,3.0,2,490,0
359,7,1,1000,0,0,4,11,57.0,11.6,4,472,0
360,7,1,1000,0,0,5,3,57.0,77.0,11,472,-4
361,7,1,1000,0,0,6,12,52.0,6.4,3,450,2
362,7,1,1000,0,0,7,1,55.0,18.7,5,440,-8
363,7,1,1000,0,0,8,2,55.0,27.4,7,490,-10
364,7,1,1000,0,0,9,10,55.0,116.0,12,480,-6
365,7,1,1000,0,0,10,7,50.0,66.1,9,492,-6
366,7,1,1000,0,0,11,9,52.0,66.7,10,440,-8
367,7,1,1000,0,0,12,4,52.0,62.9,8,468,-6
368,8,0,2000,0,0,1,7,54.0,1.4,1,460,0
369,8,0,2000,0,0,2,4,55.0,36.8,7,444,0
370,8,0,2000,0,0,3,2,57.0,16.1,3,514,-2
371,8,0,2000,0,0,4,5,54.0,60.9,9,506,-2
372,8,0,2000,0,0,5,3,55.0,166.8,12,438,0
373,8,0,2000,0,0,6,9,55.0,19.5,4,474,-4
374,8,0,2000,0,0,7,1,54.0,66.8,10,462,0
375,8,0,2000,0,0,8,11,54.0,3.6,2,510,6
376,8,0,2000,0,0,9,12,57.0,26.6,6,526,0
377,8,0,2000,0,0,10,6,57.0,119.0,11,456,-6
378,8,0,2000,0,0,11,13,57.0,22.3,5,470,-10
379,8,0,2000,0,0,12,10,54.0,364.7,13,464,6
380,8,0,2000,0,0,13,8,57.0,45.1,8,468,2
381,9,1,1700,0,0,1,5,57.0,2.1,1,476,-4
382,9,1,1700,0,0,2,11,57.0,29.2,9,510,-6
383,9,1,1700,0,0,3,2,52.0,5.0,2,450,-12
384,9,1,1700,0,0,4,12,57.0,8.1,3,482,-2
385,9,1,1700,0,0,5,7,54.0,9.4,5,482,2
386,9,1,1700,0,0,6,6,57.0,75.3,11,504,-2
387,9,1,1700,0,0,7,8,57.0,8.5,4,486,-12
388,9,1,1700,0,0,8,4,57.0,20.7,7,496,-14
389,9,1,1700,0,0,9,14,57.0,17.1,6,488,-2
390,9,1,1700,0,0,10,13,57.0,160.6,14,480,-12
391,9,1,1700,0,0,11,9,52.0,21.1,8,518,14
392,9,1,1700,0,0,12,3,54.0,72.8,10,486,0
393,9,1,1700,0,0,13,1,52.0,79.1,12,520,-10
394,9,1,1700,0,0,14,10,57.0,137.5,13,488,8
395,10,0,1800,0,0,1,2,55.0,10.9,4,436,-8
396,10,0,1800,0,0,2,11,55.0,1.7,1,436,-2
397,10,0,1800,0,0,3,7,55.0,4.6,2,388,-8
398,10,0,1800,0,0,4,12,52.0,5.9,3,498,16
399,10,0,1800,0,0,5,10,52.0,22.2,6,408,-4
400,10,0,1800,0,0,6,6,52.0,53.8,9,480,4
401,10,0,1800,0,0,7,5,55.0,76.0,10,418,-2
402,10,0,1800,0,0,8,3,55.0,16.2,5,468,-2
403,10,0,1800,0,0,9,1,55.0,99.8,11,484,22
404,10,0,1800,0,0,10,4,55.0,40.5,8,462,8
405,10,0,1800,0,0,11,8,52.0,40.1,7,420,-6
406,10,0,1800,0,0,12,9,55.0,194.5,12,426,20
407,11,0,2600,0,0,1,10,56.0,7.3,5,512,2
408,11,0,2600,0,0,2,3,56.0,4.5,3,506,6
409,11,0,2600,0,0,3,1,56.0,5.6,4,522,-2
410,11,0,2600,0,0,4,14,56.0,29.5,7,482,-10
411,11,0,2600,0,0,5,6,58.0,4.0,2,482,2
412,11,0,2600,0,0,6,2,56.0,61.5,12,480,-10
413,11,0,2600,0,0,7,4,56.0,51.8,10,518,0
414,11,0,2600,0,0,8,9,54.0,182.0,13,502,0
415,11,0,2600,0,0,9,8,56.0,33.2,8,468,-10
416,11,0,2600,0,0,10,13,56.0,3.9,1,512,12
417,11,0,2600,0,0,11,7,56.0,310.0,14,462,-4
418,11,0,2600,0,0,12,5,56.0,14.6,6,516,2
419,11,0,2600,0,0,13,11,56.0,41.6,9,528,-4
420,11,0,2600,0,0,14,12,56.0,59.7,11,480,-6
421,12,0,1200,0,0,1,6,54.0,2.9,1,446,-4
422,12,0,1200,0,0,2,13,52.0,6.3,4,488,-6
423,12,0,1200,0,0,3,2,55.0,25.1,7,486,-8
424,12,0,1200,0,0,4,5,55.0,135.0,14,490,-2
425,12,0,1200,0,0,5,8,52.0,3.1,2,460,2
426,12,0,1200,0,0,6,14,54.0,12.2,5,454,0
427,12,0,1200,0,0,7,1,55.0,48.1,9,434,-6
428,12,0,1200,0,0,8,10,55.0,38.0,8,448,-2
429,12,0,1200,0,0,9,7,57.0,21.1,6,484,-16
430,12,0,1200,0,0,10,4,55.0,95.2,12,424,-6
431,12,0,1200,0,0,11,12,57.0,57.1,11,444,-2
432,12,0,1200,0,0,12,9,57.0,6.1,3,478,-6
433,12,0,1200,0,0,13,11,57.0,131.1,13,482,-14
434,12,0,1200,0,0,14,3,57.0,55.9,10,480,-2
435,1,0,1500,0,0,1,6,54.0,14.2,5,466,0
436,1,0,1500,0,0,2,1,54.0,2.8,2,518,6
437,1,0,1500,0,0,3,3,54.0,6.2,3,462,-2
438,1,0,1500,0,0,4,4,53.0,200.6,8,460,-6
439,1,0,1500,0,0,5,8,54.0,13.0,4,440,10
440,1,0,1500,0,0,6,5,54.0,157.2,7,480,-6
441,1,0,1500,0,0,7,2,54.0,50.5,6,426,0
442,2,1,1000,0,0,1,9,56.0,3.8,2,490,0
443,2,1,1000,0,0,2,7,54.0,95.2,10,440,-6
444,2,1,1000,0,0,3,3,52.0,61.1,9,438,2
445,2,1,1000,0,0,4,2,54.0,54.1,7,472,-6
446,2,1,1000,0,0,5,4,54.0,18.7,3,448,-4
447,2,1,1000,0,0,6,1,56.0,1.3,1,484,4
448,2,1,1000,0,0,7,10,53.0,243.4,12,470,2
449,2,1,1000,0,0,8,5,56.0,23.2,4,490,8
450,2,1,1000,0,0,9,6,52.0,183.7,11,398,4
451,2,1,1000,0,0,10,8,54.0,28.0,5,426,8
452,2,1,1000,0,0,11,12,56.0,39.8,6,484,2
453,2,1,1000,0,0,12,11,56.0,55.8,8,420,6
454,3,1,1700,0,0,1,12,55.0,7.6,3,448,6
455,3,1,1700,0,0,2,8,54.0,8.8,4,440,0
456,3,1,1700,0,0,3,14,56.0,209.6,14,434,0
457,3,1,1700,0,0,4,10,56.0,1.4,1,462,-4
458,3,1,1700,0,0,5,3,56.0,5.7,2,450,0
459,3,1,1700,0,0,6,2,56.0,55.5,7,440,2
460,3,1,1700,0,0,7,7,54.0,141.7,11,430,2
461,3,1,1700,0,0,8,1,56.0,70.9,8,412,-4
462,3,1,1700,0,0,9,6,56.0,27.5,5,438,-6
463,3,1,1700,0,0,10,9,51.0,31.4,6,434,-12
464,3,1,1700,0,0,11,4,54.0,175.0,12,406,-2
465,3,1,1700,0,0,12,5,54.0,203.2,13,458,8
466,3,1,1700,0,0,13,13,56.0,77.2,10,466,-6
467,3,1,1700,0,0,14,11,56.0,77.0,9,414,-10
468,4,0,2000,0,0,1,3,52.0,17.7,9,452,-6
469,4,0,2000,0,0,2,9,52.0,98.0,12,428,-6
470,4,0,2000,0,0,3,16,54.0,11.6,5,424,-6
471,4,0,2000,0,0,4,5,54.0,8.2,4,476,2
472,4,0,2000,0,0,5,8,53.0,305.5,14,432,6
473,4,0,2000,0,0,6,10,54.0,7.6,3,462,-6
474,4,0,2000,0,0,7,2,54.0,2.2,1,450,0
475,4,0,2000,0,0,8,7,54.0,12.0,6,454,0
476,4,0,2000,0,0,9,11,54.0,16.6,8,486,4
477,4,0,2000,0,0,10,1,54.0,53.4,10,470,12
478,4,0,2000,0,0,11,6,54.0,226.6,13,436,-6
479,4,0,2000,0,0,12,14,51.0,6.4,2,440,-8
480,4,0,2000,0,0,13,12,54.0,479.0,15,414,-6
481,4,0,2000,0,0,14,13,54.0,16.0,7,410,0
482,4,0,2000,0,0,15,15,54.0,62.3,11,470,14
483,5,0,1800,0,0,1,10,54.0,2.3,1,478,0
484,5,0,1800,0,0,2,6,54.0,4.0,3,478,0
485,5,0,1800,0,0,3,1,54.0,9.7,4,458,0
486,5,0,1800,0,0,4,3,54.0,29.2,7,428,0
487,5,0,1800,0,0,5,7,54.0,22.1,5,392,0
488,5,0,1800,0,0,6,9,54.0,3.9,2,490,0
489,5,0,1800,0,0,7,11,54.0,227.4,11,490,0
490,5,0,1800,0,0,8,5,54.0,130.7,10,406,0
491,5,0,1800,0,0,9,8,54.0,26.1,6,460,0
492,5,0,1800,0,0,10,2,54.0,121.6,9,472,0
493,5,0,1800,0,0,11,4,54.0,33.8,8,468,0
494,6,1,2400,0,0,1,4,57.0,24.4,7,460,-4
495,6,1,2400,0,0,2,10,56.0,20.3,6,482,4
496,6,1,2400,0,0,3,8,57.0,49.4,9,456,0
497,6,1,2400,0,0,4,12,54.0,41.7,8,506,12
498,6,1,2400,0,0,5,9,55.0,158.5,12,450,0
499,6,1,2400,0,0,6,3,57.0,2.9,1,486,6
500,6,1,2400,0,0,7,6,54.0,3.2,3,530,0
501,6,1,2400,0,0,8,1,57.0,71.6,10,476,-2
502,6,1,2400,0,0,9,7,54.0,19.1,5,526,-2
503,6,1,2400,0,0,10,11,55.0,3.1,2,500,-2
504,6,1,2400,0,0,11,2,57.0,127.1,11,476,-2
505,7,1,1700,0,0,1,11,55.0,8.6,3,472,6
506,7,1,1700,0,0,2,4,52.0,1.9,1,440,-8
507,7,1,1700,0,0,3,2,53.0,4.0,2,464,-4
508,7,1,1700,0,0,4,9,55.0,13.8,5,442,-4
509,7,1,1700,0,0,5,10,52.0,11.2,4,454,2
510,7,1,1700,0,0,6,5,52.0,20.4,8,454,0
511,7,1,1700,0,0,7,8,55.0,101.0,11,488,-6
512,7,1,1700,0,0,8,1,51.0,15.6,6,444,-2
513,7,1,1700,0,0,9,6,52.0,46.4,9,412,-6
514,7,1,1700,0,0,10,3,55.0,51.4,10,392,-2
515,7,1,1700,0,0,11,7,52.0,16.4,7,432,14
516,8,0,1200,0,0,1,8,57.0,1.9,1,486,8
517,8,0,1200,0,0,2,2,57.0,9.3,3,478,-4
518,8,0,1200,0,0,3,15,57.0,13.5,4,470,-2
519,8,0,1200,0,0,4,13,55.0,37.2,9,440,2
520,8,0,1200,0,0,5,1,52.0,27.9,6,450,14
521,8,0,1200,0,0,6,14,55.0,412.3,16,490,-8
522,8,0,1200,0,0,7,11,55.0,28.7,7,444,-14
523,8,0,1200,0,0,8,9,52.0,49.0,11,442,-12
524,8,0,1200,0,0,8,12,57.0,106.5,12,470,-8
525,8,0,1200,0,0,10,10,57.0,34.4,8,468,6
526,8,0,1200,0,0,11,5,56.0,146.9,14,440,2
527,8,0,1200,0,0,12,6,54.0,126.7,13,450,2
528,8,0,1200,0,0,13,3,55.0,223.1,15,488,-2
529,8,0,1200,0,0,14,7,51.0,21.9,5,498,0
530,8,0,1200,0,0,15,16,57.0,41.8,10,482,-2
531,8,0,1200,0,0,16,4,54.0,3.3,2,460,8
532,9,0,2600,0,0,1,6,54.0,2.0,1,442,8
533,9,0,2600,0,0,2,8,54.0,13.7,6,446,2
534,9,0,2600,0,0,3,11,57.0,13.0,5,442,-2
535,9,0,2600,0,0,4,13,52.0,10.7,3,448,2
536,9,0,2600,0,0,5,2,57.0,16.0,8,522,-2
537,9,0,2600,0,0,6,12,55.0,49.1,12,478,2
538,9,0,2600,0,0,7,7,54.0,13.0,4,466,8
539,9,0,2600,0,0,8,3,57.0,21.8,10,454,-6
540,9,0,2600,0,0,9,10,53.0,18.6,9,424,-14
541,9,0,2600,0,0,10,5,53.0,243.0,14,436,-4
542,9,0,2600,0,0,11,9,54.0,6.5,2,480,-2
543,9,0,2600,0,0,12,4,57.0,13.7,7,550,0
544,9,0,2600,0,0,13,1,54.0,206.1,13,448,-10
545,9,0,2600,0,0,14,14,54.0,38.7,11,488,-4
546,10,1,1700,0,0,1,14,57.0,139.9,12,484,6
547,10,1,1700,0,0,2,5,54.0,8.9,5,500,4
548,10,1,1700,0,0,3,12,55.0,5.0,3,494,0
549,10,1,1700,0,0,4,11,57.0,5.2,4,500,-2
550,10,1,1700,0,0,5,9,57.0,144.8,14,492,-8
551,10,1,1700,0,0,6,4,54.0,29.4,8,514,0
552,10,1,1700,0,0,7,10,57.0,3.6,1,474,2
553,10,1,1700,0,0,8,13,57.0,85.3,9,530,0
554,10,1,1700,0,0,9,2,54.0,4.8,2,494,-2
555,10,1,1700,0,0,10,6,57.0,105.7,11,500,-6
556,10,1,1700,0,0,11,8,57.0,89.3,10,530,-8
557,10,1,1700,0,0,12,1,57.0,12.3,7,462,-4
558,10,1,1700,0,0,13,3,57.0,9.8,6,522,-6
559,11,0,1200,0,0,1,1,50.0,10.2,4,494,-4
560,11,0,1200,0,0,2,10,52.0,6.1,2,486,0
561,11,0,1200,0,0,3,3,51.0,40.3,10,456,-6
562,11,0,1200,0,0,4,9,53.0,1.6,1,470,8
563,11,0,1200,0,0,5,8,54.0,14.3,5,522,-4
564,11,0,1200,0,0,6,6,52.0,39.9,9,474,-8
565,11,0,1200,0,0,7,7,50.0,25.4,7,498,-8
566,11,0,1200,0,0,8,2,55.0,6.9,3,496,4
567,11,0,1200,0,0,9,4,50.0,36.7,8,454,0
568,11,0,1200,0,0,10,5,54.0,21.3,6,494,0
569,12,0,1800,0,0,1,1,52.0,1.9,1,450,-4
570,12,0,1800,0,0,2,6,54.0,3.7,2,540,10
571,12,0,1800,0,0,3,4,54.0,14.5,5,472,4
572,12,0,1800,0,0,4,8,51.0,7.8,4,452,2
573,12,0,1800,0,0,5,9,52.0,40.9,7,468,-4
574,12,0,1800,0,0,6,7,53.0,109.2,9,496,0
575,12,0,1800,0,0,7,5,53.0,6.0,3,478,4
576,12,0,1800,0,0,8,3,52.0,17.0,6,460,-4
577,12,0,1800,0,0,9,2,53.0,100.9,8,472,-6
578,1,1,1700,0,1,1,3,54.0,6.8,3,460,-12
579,1,1,1700,0,1,2,9,54.0,1.4,1,440,-2
580,1,1,1700,0,1,3,7,54.0,86.8,11,410,-6
581,1,1,1700,0,1,4,8,53.0,200.7,12,430,-6
582,1,1,1700,0,1,5,14,54.0,19.8,4,502,-6
583,1,1,1700,0,1,6,12,54.0,305.6,14,492,-14
584,1,1,1700,0,1,7,1,54.0,50.8,7,438,-8
585,1,1,1700,0,1,8,2,54.0,40.9,6,504,-2
586,1,1,1700,0,1,9,6,54.0,24.3,5,464,4
587,1,1,1700,0,1,10,10,52.0,65.1,8,466,-4
588,1,1,1700,0,1,11,13,54.0,6.1,2,496,2
589,1,1,1700,0,1,12,4,54.0,223.4,13,506,8
590,1,1,1700,0,1,13,11,52.0,72.8,10,458,-4
591,1,1,1700,0,1,14,5,54.0,66.1,9,418,-6
592,2,0,1800,0,1,1,1,54.0,2.7,2,424,-4
593,2,0,1800,0,1,2,5,54.0,8.7,4,490,2
594,2,0,1800,0,1,3,4,54.0,13.1,5,476,-4
595,2,0,1800,0,1,4,8,54.0,4.6,3,442,-14
596,2,0,1800,0,1,5,7,54.0,55.6,7,406,10
597,2,0,1800,0,1,6,3,54.0,2.6,1,456,-14
598,2,0,1800,0,1,7,6,54.0,80.2,8,492,-2
599,2,0,1800,0,1,8,2,54.0,32.7,6,468,6
600,3,1,1000,0,1,1,8,54.0,9.9,3,450,4
601,3,1,1000,0,1,2,1,56.0,2.4,2,458,-6
602,3,1,1000,0,1,3,2,54.0,24.6,6,452,-4
603,3,1,1000,0,1,4,7,54.0,116.4,11,452,-10
604,3,1,1000,0,1,5,12,56.0,2.0,1,460,0
605,3,1,1000,0,1,6,3,54.0,47.1,9,472,0
606,3,1,1000,0,1,7,10,55.0,32.9,8,478,0
607,3,1,1000,0,1,8,11,52.0,16.4,4,410,2
608,3,1,1000,0,1,9,4,54.0,21.1,5,460,-2
609,3,1,1000,0,1,10,9,56.0,94.3,10,484,-22
610,3,1,1000,0,1,11,5,53.0,429.7,12,450,-4
611,3,1,1000,0,1,12,6,52.0,29.8,7,458,2
612,4,1,1700,0,1,1,2,56.0,3.9,2,464,-8
613,4,1,1700,0,1,2,8,56.0,7.0,4,480,-2
614,4,1,1700,0,1,3,12,56.0,6.7,3,514,-4
615,4,1,1700,0,1,4,3,55.0,8.8,5,504,-2
616,4,1,1700,0,1,5,11,54.0,31.9,7,454,6
617,4,1,1700,0,1,6,9,56.0,2.3,1,518,-4
618,4,1,1700,0,1,7,10,54.0,44.7,9,504,-10
619,4,1,1700,0,1,8,13,56.0,120.8,12,496,0
620,4,1,1700,0,1,9,7,56.0,25.7,6,480,-12
621,4,1,1700,0,1,10,5,56.0,33.2,8,458,-6
622,4,1,1700,0,1,11,4,54.0,111.3,11,418,8
623,4,1,1700,0,1,12,6,54.0,217.8,14,454,-12
624,4,1,1700,0,1,13,1,52.0,179.2,13,468,4
625,4,1,1700,0,1,14,14,56.0,56.0,10,480,-6
626,5,0,1500,0,1,1,6,54.0,6.9,4,428,0
627,5,0,1500,0,1,2,4,54.0,24.6,8,424,0
628,5,0,1500,0,1,3,2,54.0,112.5,11,460,0
629,5,0,1500,0,1,4,12,54.0,21.8,6,452,0
630,5,0,1500,0,1,5,11,54.0,4.1,2,440,0
631,5,0,1500,0,1,6,9,54.0,3.2,1,420,0
632,5,0,1500,0,1,7,3,54.0,23.4,7,436,0
633,5,0,1500,0,1,8,5,53.0,95.5,10,440,0
634,5,0,1500,0,1,9,7,51.0,92.2,9,410,0
635,5,0,1500,0,1,10,10,54.0,9.3,5,408,0
636,5,0,1500,0,1,11,1,54.0,4.3,3,444,0
637,5,0,1500,0,1,12,8,54.0,167.5,12,450,0
638,6,0,2000,1,1,1,3,56.0,1.8,1,496,-2
639,6,0,2000,1,1,2,2,54.0,51.8,11,452,8
640,6,0,2000,1,1,3,15,56.0,25.6,6,462,-10
641,6,0,2000,1,1,4,4,55.0,157.1,13,472,6
642,6,0,2000,1,1,5,11,54.0,18.4,5,414,-6
643,6,0,2000,1,1,6,12,56.0,25.8,7,450,-2
644,6,0,2000,1,1,7,8,54.0,27.9,9,422,-4
645,6,0,2000,1,1,8,10,56.0,12.0,3,432,12
646,6,0,2000,1,1,9,1,56.0,26.1,8,510,-12
647,6,0,2000,1,1,10,16,54.0,44.5,10,402,-8
648,6,0,2000,1,1,11,6,56.0,52.4,12,484,-18
649,6,0,2000,1,1,12,9,55.0,298.2,15,456,-6
650,6,0,2000,1,1,13,5,56.0,17.1,4,442,12
651,6,0,2000,1,1,14,13,51.0,608.7,16,408,-6
652,6,0,2000,1,1,15,7,56.0,3.4,2,474,2
653,6,0,2000,1,1,16,14,54.0,293.3,14,448,-2
654,7,1,1700,1,1,1,6,52.0,32.6,10,448,8
655,7,1,1700,1,1,2,12,55.0,29.1,9,448,-4
656,7,1,1700,1,1,3,1,49.0,7.2,5,486,4
657,7,1,1700,1,1,4,2,53.0,5.8,2,530,32
658,7,1,1700,1,1,5,14,54.0,3.9,1,490,4
659,7,1,1700,1,1,6,5,55.0,65.1,12,514,4
660,7,1,1700,1,1,7,7,52.0,7.8,6,488,0
661,7,1,1700,1,1,8,3,52.0,7.0,4,434,-6
662,7,1,1700,1,1,9,10,51.0,45.5,11,446,12
663,7,1,1700,1,1,10,8,53.0,10.6,7,528,-4
664,7,1,1700,1,1,11,9,55.0,88.3,13,494,2
665,7,1,1700,1,1,12,4,52.0,6.3,3,466,2
666,7,1,1700,1,1,13,11,54.0,183.8,14,458,10
667,7,1,1700,1,1,14,13,52.0,19.9,8,494,18
668,8,0,1200,1,1,1,15,52.0,9.1,5,422,-8
669,8,0,1200,1,1,2,7,55.0,33.3,8,474,2
670,8,0,1200,1,1,3,12,57.0,8.9,4,504,-12
671,8,0,1200,1,1,4,13,55.0,42.8,9,462,-4
672,8,0,1200,1,1,5,8,57.0,3.3,2,450,8
673,8,0,1200,1,1,6,2,55.0,13.1,7,420,4
674,8,0,1200,1,1,7,3,54.0,3.1,1,476,2
675,8,0,1200,1,1,8,1,54.0,12.2,6,452,0
676,8,0,1200,1,1,9,10,57.0,97.7,12,454,0
677,8,0,1200,1,1,10,14,52.0,7.3,3,460,-2
678,8,0,1200,1,1,11,6,55.0,368.4,16,410,-8
679,8,0,1200,1,1,12,16,54.0,154.5,13,416,6
680,8,0,1200,1,1,13,4,57.0,69.9,11,472,-4
681,8,0,1200,1,1,14,9,53.0,186.2,15,444,14
682,8,0,1200,1,1,15,11,54.0,172.2,14,450,-12
683,8,0,1200,1,1,16,5,55.0,49.1,10,486,8
684,9,1,1700,1,1,1,3,57.0,9.1,4,460,-12
685,9,1,1700,1,1,2,8,54.0,2.6,1,460,6
686,9,1,1700,1,1,3,10,57.0,9.1,5,484,0
687,9,1,1700,1,1,4,14,57.0,2.9,2,476,-2
688,9,1,1700,1,1,5,12,57.0,28.5,7,446,-2
689,9,1,1700,1,1,6,9,57.0,143.1,12,474,-24
690,9,1,1700,1,1,7,11,54.0,6.3,3,478,4
691,9,1,1700,1,1,8,1,57.0,102.7,11,494,-2
692,9,1,1700,1,1,9,13,54.0,181.3,13,514,2
693,9,1,1700,1,1,10,2,57.0,28.4,6,478,0
694,9,1,1700,1,1,11,5,57.0,224.1,14,526,4
695,9,1,1700,1,1,12,6,54.0,68.1,9,512,1
696,9,1,1700,1,1,13,4,54.0,70.0,10,494,2
697,9,1,1700,1,1,14,7,57.0,32.1,8,434,0
698,10,0,1800,1,1,1,9,54.0,10.2,3,436,-10
699,10,0,1800,1,1,2,4,54.0,1.3,1,496,8
700,10,0,1800,1,1,3,2,54.0,14.2,4,450,-14
701,10,0,1800,1,1,4,6,54.0,5.1,2,508,2
702,10,0,1800,1,1,5,3,54.0,60.8,6,484,-6
703,10,0,1800,1,1,6,7,54.0,74.5,7,452,-4
704,10,0,1800,1,1,7,10,54.0,19.9,5,498,-10
705,10,0,1800,1,1,8,8,54.0,94.8,8,472,0
706,10,0,1800,1,1,9,1,54.0,285.6,9,474,0
707,10,0,1800,1,1,10,5,54.0,371.0,10,422,-20
708,11,0,1500,0,1,1,13,54.0,1.5,1,456,2
709,11,0,1500,0,1,2,9,55.0,21.7,6,482,-4
710,11,0,1500,0,1,3,7,57.0,19.8,4,498,-4
711,11,0,1500,0,1,4,8,57.0,6.7,3,502,-6
712,11,0,1500,0,1,5,10,54.0,29.3,7,492,4
713,11,0,1500,0,1,6,2,52.0,4.6,2,478,-6
714,11,0,1500,0,1,7,3,57.0,33.3,8,496,-10
715,11,0,1500,0,1,8,6,57.0,266.1,12,480,-16
716,11,0,1500,0,1,9,4,57.0,20.6,5,492,-12
717,11,0,1500,0,1,10,5,55.0,94.1,10,474,-6
718,11,0,1500,0,1,11,11,55.0,287.7,13,454,4
719,11,0,1500,0,1,12,12,57.0,205.8,11,492,-8
720,11,0,1500,0,1,13,1,55.0,40.3,9,494,2
721,12,0,2000,0,1,1,7,54.0,5.5,4,478,0
722,12,0,2000,0,1,2,2,57.0,3.8,2,452,2
723,12,0,2000,0,1,3,5,57.0,1.8,1,490,0
724,12,0,2000,0,1,4,1,57.0,5.3,3,498,-4
725,12,0,2000,0,1,5,6,57.0,69.5,6,478,-6
726,12,0,2000,0,1,6,3,57.0,83.5,7,464,-8
727,12,0,2000,0,1,7,9,55.0,108.8,8,468,6
728,12,0,2000,0,1,8,4,55.0,21.3,5,474,0
729,12,0,2000,0,1,9,8,57.0,237.3,9,438,-2
730,1,0,1200,0,1,1,4,54.0,6.1,3,442,0
731,1,0,1200,0,1,2,1,54.0,1.8,1,474,2
732,1,0,1200,0,1,3,8,53.0,155.3,7,414,2
733,1,0,1200,0,1,4,9,54.0,26.9,4,500,2
734,1,0,1200,0,1,5,6,54.0,191.1,9,438,8
735,1,0,1200,0,1,6,3,54.0,2.4,2,418,0
736,1,0,1200,0,1,7,7,54.0,158.9,8,484,2
737,1,0,1200,0,1,8,5,52.0,43.1,5,446,10
738,1,0,1200,0,1,9,2,52.0,57.1,6,408,2
739,2,1,1700,0,1,1,8,56.0,1.9,1,442,-14
740,2,1,1700,0,1,2,4,56.0,22.0,6,490,-2
741,2,1,1700,0,1,3,3,56.0,16.7,5,456,0
742,2,1,1700,0,1,4,6,56.0,5.3,3,468,8
743,2,1,1700,0,1,5,13,54.0,12.1,4,452,-8
744,2,1,1700,0,1,6,7,56.0,22.4,7,474,8
745,2,1,1700,0,1,7,2,56.0,4.4,2,484,4
746,2,1,1700,0,1,8,10,54.0,23.6,8,458,4
747,2,1,1700,0,1,9,9,54.0,113.6,12,468,-14
748,2,1,1700,0,1,10,1,54.0,67.3,11,454,-4
749,2,1,1700,0,1,11,11,55.0,61.7,10,504,8
750,2,1,1700,0,1,12,14,51.0,334.1,13,446,14
751,2,1,1700,0,1,13,12,56.0,53.6,9,482,-2
752,3,0,1200,0,1,1,4,54.0,6.2,3,450,0
753,3,0,1200,0,1,2,16,54.0,4.2,2,456,12
754,3,0,1200,0,1,3,6,54.0,33.5,10,392,-10
755,3,0,1200,0,1,4,14,54.0,17.2,7,448,2
756,3,0,1200,0,1,5,9,54.0,8.0,5,462,-4
757,3,0,1200,0,1,6,3,52.0,13.6,6,402,-2
758,3,0,1200,0,1,7,5,54.0,202.9,14,436,12
759,3,0,1200,0,1,8,8,54.0,7.6,4,504,12
760,3,0,1200,0,1,9,2,54.0,2.9,1,434,6
761,3,0,1200,0,1,10,12,54.0,29.3,8,456,-4
762,3,0,1200,0,1,11,7,54.0,116.7,11,406,2
763,3,0,1200,0,1,12,13,54.0,143.0,13,440,-8
764,3,0,1200,0,1,13,1,53.0,134.9,12,406,-2
765,3,0,1200,0,1,14,10,53.0,224.7,15,438,-2
766,3,0,1200,0,1,15,11,54.0,31.2,9,462,-4
767,3,0,1200,0,1,16,15,54.0,515.2,16,404,2
768,4,0,1500,0,1,1,3,56.0,30.7,6,460,0
769,4,0,1500,0,1,2,1,54.0,137.4,12,450,-8
770,4,0,1500,0,1,3,9,52.0,30.8,7,460,-4
771,4,0,1500,0,1,4,7,56.0,32.9,8,472,2
772,4,0,1500,0,1,5,14,52.0,11.7,4,414,-4
773,4,0,1500,0,1,6,8,54.0,46.3,10,438,4
774,4,0,1500,0,1,7,6,54.0,18.4,5,436,0
775,4,0,1500,0,1,8,12,54.0,5.2,3,422,2
776,4,0,1500,0,1,9,5,56.0,43.8,9,436,6
777,4,0,1500,0,1,10,4,56.0,2.5,1,442,-2
778,4,0,1500,0,1,11,13,54.0,66.8,11,442,10
779,4,0,1500,0,1,12,10,54.0,2.7,2,472,-2
780,4,0,1500,0,1,13,11,54.0,186.4,14,422,6
781,4,0,1500,0,1,14,2,56.0,158.0,13,488,8
782,5,0,1800,0,1,1,7,54.0,1.7,1,510,0
783,5,0,1800,0,1,2,9,54.0,11.7,5,456,0
784,5,0,1800,0,1,3,1,54.0,6.3,3,472,0
785,5,0,1800,0,1,4,2,54.0,10.9,4,448,0
786,5,0,1800,0,1,5,3,54.0,5.9,2,490,0
787,5,0,1800,0,1,6,5,54.0,19.6,6,472,0
788,5,0,1800,0,1,7,6,54.0,53.7,8,472,0
789,5,0,1800,0,1,8,10,54.0,37.5,7,470,0
790,5,0,1800,0,1,9,8,53.0,182.6,10,438,0
791,5,0,1800,0,1,10,4,54.0,142.4,9,444,0
792,6,1,1000,0,1,1,9,55.0,42.3,9,462,0
793,6,1,1000,0,1,2,1,55.0,3.5,1,466,0
794,6,1,1000,0,1,3,8,52.0,5.5,4,444,-4
795,6,1,1000,0,1,4,3,55.0,4.0,2,442,8
796,6,1,1000,0,1,5,12,57.0,9.1,5,482,8
797,6,1,1000,0,1,6,7,53.0,5.2,3,432,4
798,6,1,1000,0,1,7,10,52.0,10.5,6,462,22
799,6,1,1000,0,1,8,5,54.0,25.9,8,530,0
800,6,1,1000,0,1,9,4,55.0,156.1,11,468,0
801,6,1,1000,0,1,10,2,54.0,16.8,7,470,-2
802,6,1,1000,0,1,11,11,52.0,45.4,10,504,8
803,7,1,1700,0,1,1,5,57.0,3.5,1,510,-8
804,7,1,1700,0,1,2,10,54.0,35.9,11,480,8
805,7,1,1700,0,1,3,1,57.0,6.4,3,512,2
806,7,1,1700,0,1,4,8,57.0,24.6,10,472,8
807,7,1,1700,0,1,5,14,57.0,21.0,7,482,-8
808,7,1,1700,0,1,6,6,53.0,5.6,2,508,8
809,7,1,1700,0,1,7,12,57.0,23.0,8,488,-2
810,7,1,1700,0,1,8,11,54.0,7.9,5,506,4
811,7,1,1700,0,1,9,9,55.0,7.1,4,476,6
812,7,1,1700,0,1,10,13,57.0,105.4,14,462,-12
813,7,1,1700,0,1,11,7,54.0,8.3,6,470,-6
814,7,1,1700,0,1,12,3,55.0,66.0,13,478,-8
815,8,0,1500,0,0,1,8,55.0,1.7,1,434,-2
816,8,0,1500,0,0,2,12,55.0,9.9,3,448,10
817,8,0,1500,0,0,3,1,55.0,4.6,2,478,-10
818,8,0,1500,0,0,4,6,54.0,150.7,12,506,4
819,8,0,1500,0,0,5,9,50.0,15.3,5,486,2
820,8,0,1500,0,0,6,2,52.0,18.6,6,448,-4
821,8,0,1500,0,0,7,14,52.0,63.3,10,468,2
822,8,0,1500,0,0,8,4,55.0,10.4,4,428,20
823,8,0,1500,0,0,9,11,52.0,169.0,13,434,8
824,8,0,1500,0,0,10,3,55.0,49.1,9,504,8
825,8,0,1500,0,0,11,5,55.0,79.1,11,474,4
826,8,0,1500,0,0,12,13,52.0,19.3,7,460,14
827,8,0,1500,0,0,13,10,55.0,257.6,14,450,-6
828,8,0,1500,0,0,14,7,50.0,29.9,8,456,6
829,9,0,1800,0,0,1,6,57.0,1.2,1,484,0
830,9,0,1800,0,0,2,9,52.0,7.0,2,526,22
831,9,0,1800,0,0,3,8,55.0,11.9,3,436,-8
832,9,0,1800,0,0,4,3,57.0,19.9,5,472,-2
833,9,0,1800,0,0,5,1,55.0,15.7,4,444,-2
834,9,0,1800,0,0,6,7,57.0,144.7,12,484,8
835,9,0,1800,0,0,7,12,54.0,27.5,6,442,10
836,9,0,1800,0,0,8,11,57.0,68.3,7,464,-4
837,9,0,1800,0,0,9,4,54.0,124.8,11,440,4
838,9,0,1800,0,0,10,10,55.0,102.8,9,466,-14
839,9,0,1800,0,0,11,13,49.0,117.3,10,420,-2
840,9,0,1800,0,0,12,5,54.0,333.1,13,460,-4
841,9,0,1800,0,0,13,2,57.0,85.8,8,454,0
842,10,0,2000,0,0,1,4,57.0,1.8,1,476,-4
843,10,0,2000,0,0,2,5,54.0,2.6,2,462,-6
844,10,0,2000,0,0,3,7,57.0,30.0,6,418,6
845,10,0,2000,0,0,4,6,52.0,8.4,3,430,12
846,10,0,2000,0,0,5,3,57.0,8.9,4,518,-4
847,10,0,2000,0,0,6,8,57.0,14.5,5,488,-4
848,10,0,2000,0,0,7,2,55.0,92.9,7,442,10
849,10,0,2000,0,0,8,1,57.0,151.3,8,486,-2
850,11,1,1700,0,1,1,8,56.0,4.1,2,458,-8
851,11,1,1700,0,1,2,2,56.0,5.3,3,494,12
852,11,1,1700,0,1,3,3,57.0,3.9,1,472,-1
853,11,1,1700,0,1,4,9,57.0,10.8,5,524,0
854,11,1,1700,0,1,5,4,55.0,17.7,7,474,7
855,11,1,1700,0,1,6,1,56.0,5.9,4,486,-10
856,11,1,1700,0,1,7,12,56.0,40.3,11,522,-2
857,11,1,1700,0,1,8,11,56.0,20.4,8,512,6
858,11,1,1700,0,1,9,13,56.0,29.3,10,458,-18
859,11,1,1700,0,1,10,5,56.0,25.8,9,526,20
860,11,1,1700,0,1,11,10,58.0,154.1,14,480,2
861,11,1,1700,0,1,12,7,56.0,57.4,12,494,4
862,11,1,1700,0,1,13,6,56.0,13.0,6,520,2
863,11,1,1700,0,1,14,14,56.0,123.8,13,528,0
864,12,1,1700,0,1,1,4,55.0,16.3,6,460,0
865,12,1,1700,0,1,2,6,54.0,8.4,4,478,2
866,12,1,1700,0,1,3,9,53.0,11.4,5,508,-8
867,12,1,1700,0,1,4,8,57.0,4.7,2,496,4
868,12,1,1700,0,1,5,3,56.0,2.3,1,452,0
869,12,1,1700,0,1,6,1,52.0,63.8,11,464,0
870,12,1,1700,0,1,7,14,54.0,24.1,8,468,-4
871,12,1,1700,0,1,8,5,55.0,6.9,3,446,-2
872,12,1,1700,0,1,9,10,54.0,115.4,12,508,0
873,12,1,1700,0,1,10,11,53.0,168.1,14,470,12
874,12,1,1700,0,1,11,12,50.0,17.8,7,462,0
875,12,1,1700,0,1,12,13,52.0,148.8,13,458,12
876,12,1,1700,0,1,13,2,51.0,35.5,10,454,2
877,12,1,1700,0,1,14,7,51.0,27.2,9,464,8
878,1,0,1200,0,0,1,3,54.0,2.2,1,440,-4
879,1,0,1200,0,0,2,4,54.0,5.3,3,426,4
880,1,0,1200,0,0,3,6,54.0,2.2,2,486,0
881,1,0,1200,0,0,4,7,54.0,15.7,4,442,0
882,1,0,1200,0,0,5,2,54.0,30.0,5,418,-4
883,1,0,1200,0,0,6,5,54.0,128.0,7,458,6
884,1,0,1200,0,0,7,1,53.0,72.0,6,430,-8
885,2,0,1800,0,0,1,4,54.0,2.0,1,480,-2
886,2,0,1800,0,0,2,7,54.0,2.6,2,496,6
887,2,0,1800,0,0,3,3,54.0,19.4,4,474,-2
888,2,0,1800,0,0,4,6,52.0,29.7,5,472,2
889,2,0,1800,0,0,5,5,54.0,4.6,3,430,-2
890,2,0,1800,0,0,6,2,54.0,122.6,6,436,4
891,2,0,1800,0,0,7,1,54.0,179.4,7,478,0
892,3,1,1700,0,1,1,9,54.0,6.8,3,430,8
893,3,1,1700,0,1,2,8,52.0,8.0,5,436,0
894,3,1,1700,0,1,3,14,54.0,2.7,1,458,2
895,3,1,1700,0,1,4,6,54.0,17.6,6,428,8
896,3,1,1700,0,1,5,10,54.0,40.9,10,514,8
897,3,1,1700,0,1,6,3,54.0,8.0,4,458,0
898,3,1,1700,0,1,7,5,54.0,281.1,13,462,16
899,3,1,1700,0,1,8,1,54.0,18.2,7,492,4
900,3,1,1700,0,1,9,13,53.0,24.6,8,396,-6
901,3,1,1700,0,1,10,7,54.0,61.8,11,442,-14
902,3,1,1700,0,1,11,4,54.0,4.0,2,484,-2
903,3,1,1700,0,1,12,11,52.0,30.1,9,428,10
904,3,1,1700,0,1,13,12,54.0,77.1,12,458,-4
905,4,1,1000,0,1,1,5,54.0,3.1,2,440,0
906,4,1,1000,0,1,2,3,52.0,10.0,4,474,2
907,4,1,1000,0,1,3,8,53.0,69.2,11,466,2
908,4,1,1000,0,1,4,12,54.0,9.2,3,470,12
909,4,1,1000,0,1,5,4,54.0,12.9,5,460,6
910,4,1,1000,0,1,6,11,54.0,19.2,6,424,0
911,4,1,1000,0,1,7,9,53.0,26.3,9,460,8
912,4,1,1000,0,1,8,7,54.0,19.5,7,454,4
913,4,1,1000,0,1,9,6,56.0,103.8,12,452,6
914,4,1,1000,0,1,10,2,53.0,23.0,8,484,4
915,4,1,1000,0,1,11,10,56.0,2.4,1,492,-8
916,4,1,1000,0,1,12,1,56.0,30.9,10,452,-4
917,5,0,1500,0,0,1,6,54.0,13.6,4,408,0
918,5,0,1500,0,0,2,1,54.0,3.6,2,472,0
919,5,0,1500,0,0,3,5,54.0,17.8,5,462,0
920,5,0,1500,0,0,4,4,54.0,1.4,1,486,0
921,5,0,1500,0,0,5,2,54.0,11.2,3,408,0
922,5,0,1500,0,0,6,3,54.0,55.9,7,470,0
923,5,0,1500,0,0,7,7,54.0,40.2,6,430,0
924,5,0,1500,0,0,8,8,54.0,91.0,8,454,0
925,6,1,1700,0,1,1,2,56.0,1.4,1,462,6
926,6,1,1700,0,1,2,1,56.0,7.9,3,468,2
927,6,1,1700,0,1,3,7,54.0,16.3,5,514,6
928,6,1,1700,0,1,4,4,54.0,6.3,2,438,4
929,6,1,1700,0,1,5,8,56.0,22.1,6,438,12
930,6,1,1700,0,1,6,10,56.0,27.6,7,448,-2
931,6,1,1700,0,1,7,14,54.0,271.4,13,476,6
932,6,1,1700,0,1,8,9,56.0,10.0,4,450,0
933,6,1,1700,0,1,9,6,53.0,196.0,11,434,2
934,6,1,1700,0,1,10,13,56.0,59.1,8,516,2
935,6,1,1700,0,1,11,12,56.0,146.6,10,460,0
936,6,1,1700,0,1,12,3,53.0,260.8,12,464,2
937,6,1,1700,0,1,13,11,54.0,292.5,14,508,8
938,6,1,1700,0,1,14,5,56.0,59.5,9,542,8
939,7,0,2000,0,0,1,16,54.0,3.6,2,432,4
940,7,0,2000,0,0,2,14,53.0,20.6,6,446,4
941,7,0,2000,0,0,3,7,54.0,5.7,3,430,0
942,7,0,2000,0,0,4,9,54.0,25.9,7,422,6
943,7,0,2000,0,0,5,4,56.0,12.8,4,468,-6
944,7,0,2000,0,0,6,3,54.0,140.6,10,418,0
945,7,0,2000,0,0,7,2,53.0,156.8,11,472,10
946,7,0,2000,0,0,8,10,56.0,2.0,1,484,10
947,7,0,2000,0,0,9,13,52.0,18.1,5,426,6
948,7,0,2000,0,0,10,6,52.0,263.1,16,410,-2
949,7,0,2000,0,0,11,5,56.0,176.2,12,446,-2
950,7,0,2000,0,0,12,1,56.0,33.7,8,494,-2
951,7,0,2000,0,0,13,11,56.0,188.3,13,444,4
952,7,0,2000,0,0,14,8,54.0,34.9,9,446,2
953,7,0,2000,0,0,15,12,56.0,197.2,14,478,-4
954,7,0,2000,0,0,16,15,54.0,197.6,15,458,-4
955,8,1,2400,0,1,1,11,57.0,4.4,2,458,10
956,8,1,2400,0,1,2,8,57.0,14.4,6,458,2
957,8,1,2400,0,1,3,2,57.0,5.5,4,486,4
958,8,1,2400,0,1,4,12,50.0,10.4,5,460,6
959,8,1,2400,0,1,5,1,56.0,3.1,1,484,2
960,8,1,2400,0,1,6,7,55.0,17.0,7,466,12
961,8,1,2400,0,1,7,9,57.0,369.2,12,496,4
962,8,1,2400,0,1,8,10,52.0,5.3,3,530,-8
963,8,1,2400,0,1,9,6,55.0,66.0,11,452,2
964,8,1,2400,0,1,10,3,54.0,19.3,8,510,4
965,8,1,2400,0,1,11,4,52.0,30.2,9,464,4
966,9,1,1700,0,1,1,4,55.0,3.7,2,466,4
967,9,1,1700,0,1,2,7,55.0,2.0,1,486,2
968,9,1,1700,0,1,3,3,52.0,5.9,3,442,2
969,9,1,1700,0,1,4,1,55.0,21.7,6,506,-12
970,9,1,1700,0,1,5,2,55.0,26.1,7,444,2
971,9,1,1700,0,1,6,12,55.0,13.1,4,532,2
972,9,1,1700,0,1,7,5,53.0,15.5,5,470,6
973,9,1,1700,0,1,8,9,55.0,85.7,12,496,-2
974,9,1,1700,0,1,9,10,55.0,30.0,8,476,6
975,9,1,1700,0,1,10,6,55.0,68.3,11,466,26
976,9,1,1700,0,1,11,8,52.0,67.8,10,450,12
977,9,1,1700,0,1,12,13,50.0,130.7,13,444,-8
978,9,1,1700,0,1,13,11,55.0,53.8,9,444,4
979,10,0,1800,0,0,1,3,54.0,6.0,4,466,2
980,10,0,1800,0,0,2,7,54.0,2.8,1,492,-2
981,10,0,1800,0,0,3,4,52.0,13.7,6,508,10
982,10,0,1800,0,0,4,9,57.0,3.2,2,542,14
983,10,0,1800,0,0,5,5,57.0,59.7,7,524,-2
984,10,0,1800,0,0,6,8,55.0,6.6,5,430,-2
985,10,0,1800,0,0,7,6,57.0,6.0,3,468,-2
986,10,0,1800,0,0,8,1,57.0,194.3,9,454,-2
987,10,0,1800,0,0,9,2,52.0,92.1,8,484,4
988,10,0,1800,0,0,10,10,57.0,263.3,10,470,2
989,10,0,1800,0,0,11,11,57.0,278.1,11,460,-6
990,11,0,2600,0,0,1,6,55.0,2.6,1,434,12
991,11,0,2600,0,0,2,1,52.0,7.9,5,482,2
992,11,0,2600,0,0,3,9,55.5,11.5,6,422,8
993,11,0,2600,0,0,4,7,53.0,5.2,3,452,0
994,11,0,2600,0,0,5,8,54.0,19.1,7,460,2
995,11,0,2600,0,0,6,11,54.0,34.0,8,484,8
996,11,0,2600,0,0,7,10,53.0,5.0,2,502,0
997,11,0,2600,0,0,8,4,55.0,6.3,4,464,0
998,11,0,2600,0,0,9,5,53.0,114.8,10,490,-6
999,11,0,2600,0,0,10,3,52.0,53.8,9,446,0
1000,11,0,2600,0,0,11,2,54.0,267.5,11,460,0
1001,12,0,1500,0,0,1,7,55.0,2.1,1,504,10
1002,12,0,1500,0,0,2,4,55.0,86.1,9,424,-2
1003,12,0,1500,0,0,3,13,57.0,2.6,2,446,-2
1004,12,0,1500,0,0,4,5,52.0,15.8,5,420,12
1005,12,0,1500,0,0,5,3,54.0,125.9,10,450,0
1006,12,0,1500,0,0,6,2,57.0,7.2,3,474,4
1007,12,0,1500,0,0,7,8,57.0,7.7,4,476,12
1008,12,0,1500,0,0,8,12,55.0,227.3,11,474,28
1009,12,0,1500,0,0,9,6,55.0,285.9,12,434,10
1010,12,0,1500,0,0,10,9,57.0,85.1,8,490,-4
1011,12,0,1500,0,0,11,11,52.0,68.1,7,518,0
1012,12,0,1500,0,0,12,10,55.0,327.3,13,464,8
1013,12,0,1500,0,0,13,1,52.0,66.1,6,428,-4
1014,1,0,1500,1,0,1,5,53.0,147.4,9,458,-2
1015,1,0,1500,1,0,2,9,54.0,5.7,4,456,-12
1016,1,0,1500,1,0,3,4,54.0,5.6,3,512,-4
1017,1,0,1500,1,0,4,7,54.0,4.6,2,450,-6
1018,1,0,1500,1,0,5,1,54.0,124.3,8,480,-6
1019,1,0,1500,1,0,6,3,54.0,1.7,1,516,-2
1020,1,0,1500,1,0,7,2,54.0,94.1,6,486,-10
1021,1,0,1500,1,0,8,8,54.0,52.4,5,496,-6
1022,1,0,1500,1,0,9,6,54.0,120.5,7,436,-2
1023,2,1,2400,1,1,1,8,56.0,21.7,6,498,6
1024,2,1,2400,1,1,2,3,56.0,4.7,2,490,4
1025,2,1,2400,1,1,3,12,56.0,26.6,8,504,0
1026,2,1,2400,1,1,4,10,56.0,6.0,4,532,0
1027,2,1,2400,1,1,5,5,54.0,5.0,3,472,16
1028,2,1,2400,1,1,6,11,56.0,24.8,7,456,-2
1029,2,1,2400,1,1,7,4,56.0,6.6,5,480,2
1030,2,1,2400,1,1,8,6,56.0,2.8,1,490,4
1031,2,1,2400,1,1,9,2,54.0,64.0,10,428,-2
1032,2,1,2400,1,1,10,1,54.0,97.2,11,482,-4
1033,2,1,2400,1,1,11,9,56.0,41.4,9,508,6
1034,2,1,2400,1,1,12,7,56.0,149.5,12,474,16
1035,3,1,1700,1,1,1,6,56.0,4.8,2,442,2
1036,3,1,1700,1,1,2,1,54.0,25.8,7,438,-4
1037,3,1,1700,1,1,3,8,56.0,5.8,4,484,2
1038,3,1,1700,1,1,4,3,56.0,2.2,1,496,6
1039,3,1,1700,1,1,5,2,56.0,9.9,5,442,0
1040,3,1,1700,1,1,6,7,54.0,5.2,3,430,10
1041,3,1,1700,1,1,7,13,54.0,218.5,14,458,8
1042,3,1,1700,1,1,8,5,55.0,24.0,6,438,2
1043,3,1,1700,1,1,9,9,54.0,163.6,12,430,-6
1044,3,1,1700,1,1,10,11,56.0,185.0,13,476,-10
1045,3,1,1700,1,1,11,10,56.0,65.2,9,524,-2
1046,3,1,1700,1,1,12,4,56.0,47.8,8,454,8
1047,3,1,1700,1,1,13,14,54.0,129.5,11,506,2
1048,3,1,1700,1,1,14,12,54.0,108.8,10,442,0
1049,4,0,1200,0,1,1,1,54.0,2.0,1,488,2
1050,4,0,1200,0,1,2,11,54.0,3.7,2,438,10
1051,4,0,1200,0,1,3,14,56.0,27.2,6,444,2
1052,4,0,1200,0,1,4,5,54.0,4.0,3,476,0
1053,4,0,1200,0,1,5,3,56.0,33.1,8,508,4
1054,4,0,1200,0,1,6,6,54.0,162.4,14,478,-14
1055,4,0,1200,0,1,7,7,56.0,24.2,5,466,10
1056,4,0,1200,0,1,8,12,51.0,291.3,16,396,-6
1057,4,0,1200,0,1,9,9,53.0,187.7,15,426,0
1058,4,0,1200,0,1,10,4,54.0,134.2,12,438,8
1059,4,0,1200,0,1,11,8,53.0,100.4,10,422,-6
1060,4,0,1200,0,1,12,10,54.0,31.4,7,450,2
1061,4,0,1200,0,1,13,15,54.0,49.7,9,404,8
1062,4,0,1200,0,1,14,2,54.0,23.0,4,466,-4
1063,4,0,1200,0,1,15,13,56.0,115.4,11,484,10
1064,4,0,1200,0,1,16,16,56.0,147.4,13,444,-6
1065,5,0,1800,0,1,1,12,54.0,4.0,1,426,0
1066,5,0,1800,0,1,2,8,54.0,4.5,2,486,0
1067,5,0,1800,0,1,3,11,54.0,33.7,10,458,0
1068,5,0,1800,0,1,4,9,54.0,14.6,7,414,0
1069,5,0,1800,0,1,5,7,54.0,6.8,4,480,0
1070,5,0,1800,0,1,6,1,54.0,5.7,3,462,0
1071,5,0,1800,0,1,7,14,54.0,76.1,11,492,0
1072,5,0,1800,0,1,8,5,54.0,13.0,6,470,0
1073,5,0,1800,0,1,9,13,54.0,244.2,14,446,0
1074,5,0,1800,0,1,10,4,54.0,9.4,5,468,0
1075,5,0,1800,0,1,11,2,54.0,21.3,8,522,0
1076,5,0,1800,0,1,12,3,54.0,132.9,12,454,0
1077,5,0,1800,0,1,13,6,54.0,22.8,9,458,0
1078,5,0,1800,0,1,14,10,54.0,182.1,13,506,0
1079,6,1,1000,0,1,1,9,55.0,2.7,1,468,6
1080,6,1,1000,0,1,2,12,54.0,3.6,3,490,6
1081,6,1,1000,0,1,3,8,57.0,30.9,8,436,-10
1082,6,1,1000,0,1,4,6,57.0,2.9,2,490,0
1083,6,1,1000,0,1,5,2,57.0,29.4,7,480,8
1084,6,1,1000,0,1,6,5,52.0,27.9,6,458,2
1085,6,1,1000,0,1,7,4,57.0,18.5,4,436,-4
1086,6,1,1000,0,1,8,10,55.0,19.2,5,472,2
1087,6,1,1000,0,1,9,11,57.0,90.5,12,470,-2
1088,6,1,1000,0,1,10,1,55.0,43.7,9,450,-4
1089,6,1,1000,0,1,11,7,54.0,51.2,10,468,6
1090,7,1,1700,0,1,1,2,54.0,6.3,3,466,-8
1091,7,1,1700,0,1,2,12,54.0,5.1,2,480,-2
1092,7,1,1700,0,1,3,10,57.0,8.9,6,484,0
1093,7,1,1700,0,1,4,3,52.0,7.2,5,448,-6
1094,7,1,1700,0,1,5,11,54.0,3.5,1,492,-4
1095,7,1,1700,0,1,6,14,57.0,10.4,7,440,-2
1096,7,1,1700,0,1,7,8,54.0,7.2,4,454,-2
1097,7,1,1700,0,1,8,9,54.0,214.7,13,498,-8
1098,7,1,1700,0,1,9,1,54.0,35.0,9,480,-2
1099,7,1,1700,0,1,10,6,57.0,48.4,11,470,-2
1100,7,1,1700,0,1,11,13,57.0,43.8,10,466,-2
1101,7,1,1700,0,1,12,4,54.0,20.8,8,494,14
1102,7,1,1700,0,1,13,5,53.0,198.7,12,494,10
1103,7,1,1700,0,1,14,7,55.0,297.0,14,434,18
1104,8,0,2000,0,1,1,6,55.0,1.8,1,538,16
1105,8,0,2000,0,1,2,8,55.0,6.3,3,394,6
1106,8,0,2000,0,1,3,9,55.0,54.1,7,452,-4
1107,8,0,2000,0,1,4,10,55.0,7.0,4,426,0
1108,8,0,2000,0,1,5,2,55.0,3.1,2,454,-6
1109,8,0,2000,0,1,6,3,54.0,53.3,6,424,6
1110,8,0,2000,0,1,7,5,55.0,177.6,11,486,2
1111,8,0,2000,0,1,8,11,55.0,143.6,10,442,4
1112,8,0,2000,0,1,9,12,55.0,69.4,8,416,-12
1113,8,0,2000,0,1,10,7,52.0,39.9,5,458,4
1114,8,0,2000,0,1,11,4,55.0,88.2,9,466,-2
1115,8,0,2000,0,1,12,1,49.0,336.8,13,390,4
1116,8,0,2000,0,1,13,13,55.0,240.0,12,458,8
1117,9,0,1500,0,1,1,3,54.0,3.1,2,464,4
1118,9,0,1500,0,1,2,6,54.0,19.6,5,536,4
1119,9,0,1500,0,1,3,11,54.0,11.9,4,462,0
1120,9,0,1500,0,1,4,5,54.0,2.3,1,502,2
1121,9,0,1500,0,1,5,9,54.0,48.7,8,436,-4
1122,9,0,1500,0,1,6,7,54.0,41.6,7,448,-4
1123,9,0,1500,0,1,7,1,54.0,4.8,3,442,0
1124,9,0,1500,0,1,8,8,54.0,79.4,9,450,0
1125,9,0,1500,0,1,9,2,54.0,85.9,10,504,4
1126,9,0,1500,0,1,10,13,54.0,153.9,11,448,-10
1127,9,0,1500,0,1,11,10,54.0,26.3,6,444,2
1128,9,0,1500,0,1,12,4,54.0,338.5,12,444,-16
1129,10,1,1000,0,1,1,4,54.0,1.4,1,470,-2
1130,10,1,1000,0,1,2,8,57.0,13.6,4,478,2
1131,10,1,1000,0,1,3,6,57.0,7.1,3,510,-12
1132,10,1,1000,0,1,4,5,55.0,14.1,5,524,-6
1133,10,1,1000,0,1,5,10,52.0,19.0,6,472,-8
1134,10,1,1000,0,1,6,7,55.0,6.8,2,460,2
1135,10,1,1000,0,1,7,11,55.0,88.4,9,494,2
1136,10,1,1000,0,1,8,12,57.0,139.1,10,514,-2
1137,10,1,1000,0,1,9,2,57.0,221.5,11,524,4
1138,10,1,1000,0,1,10,3,55.0,68.2,8,482,12
1139,10,1,1000,0,1,11,9,57.0,261.9,12,522,-2
1140,10,1,1000,0,1,12,1,55.0,45.9,7,506,0
1141,11,0,2000,0,1,1,2,57.0,5.2,2,488,2
1142,11,0,2000,0,1,2,5,57.0,4.3,1,506,6
1143,11,0,2000,0,1,3,15,55.0,6.9,4,484,0
1144,11,0,2000,0,1,4,12,57.0,70.4,13,496,-2
1145,11,0,2000,0,1,5,10,57.0,57.5,12,442,0
1146,11,0,2000,0,1,6,9,57.0,13.1,7,480,2
1147,11,0,2000,0,1,7,7,54.0,19.2,8,498,2
1148,11,0,2000,0,1,8,6,55.0,52.6,11,430,0
1149,11,0,2000,0,1,9,4,57.0,10.4,6,454,-6
1150,11,0,2000,0,1,10,11,57.0,148.0,15,456,-2
1151,11,0,2000,0,1,11,3,57.0,98.6,14,476,12
1152,11,0,2000,0,1,12,13,57.0,24.9,10,512,0
1153,11,0,2000,0,1,13,14,57.0,5.7,3,482,8
1154,11,0,2000,0,1,14,8,57.0,7.6,5,512,0
1155,11,0,2000,0,1,15,1,57.0,22.9,9,530,-2
1156,11,0,2000,0,1,16,16,54.0,183.0,16,468,-6
1157,12,0,1200,0,1,1,13,55.0,3.8,2,452,2
1158,12,0,1200,0,1,2,7,52.0,38.4,10,442,0
1159,12,0,1200,0,1,3,16,54.0,19.3,8,496,-2
1160,12,0,1200,0,1,4,4,54.0,8.5,4,440,0
1161,12,0,1200,0,1,5,14,54.0,11.7,6,430,0
1162,12,0,1200,0,1,6,8,57.0,5.6,3,476,-2
1163,12,0,1200,0,1,7,3,57.0,253.9,14,452,-6
1164,12,0,1200,0,1,8,11,57.0,3.6,1,458,4
1165,12,0,1200,0,1,9,5,57.0,14.1,7,490,-4
1166,12,0,1200,0,1,10,15,57.0,54.2,11,462,0
1167,12,0,1200,0,1,11,2,55.0,360.0,16,460,-2
1168,12,0,1200,0,1,12,10,55.0,10.4,5,454,-6
1169,12,0,1200,0,1,13,9,52.0,312.4,15,438,-6
1170,12,0,1200,0,1,14,6,55.0,21.2,9,522,4
1171,12,0,1200,0,1,15,12,52.0,141.3,13,466,-4
1172,12,0,1200,0,1,16,1,52.0,102.6,12,444,-2
1173,1,1,1000,0,1,1,1,54.0,7.2,3,472,2
1174,1,1,1000,0,1,2,5,54.0,4.4,2,474,-2
1175,1,1,1000,0,1,3,4,52.0,1.8,1,464,-2
1176,1,1,1000,0,1,4,2,54.0,92.4,8,432,-10
1177,1,1,1000,0,1,5,3,54.0,14.2,5,462,6
1178,1,1,1000,0,1,6,6,54.0,7.2,4,480,-4
1179,1,1,1000,0,1,7,7,53.0,28.9,6,414,6
1180,1,1,1000,0,1,8,8,51.0,39.3,7,436,2
1181,2,0,1500,0,1,1,2,54.0,2.8,2,386,-6
1182,2,0,1500,0,1,2,5,54.0,6.4,3,446,4
1183,2,0,1500,0,1,3,7,54.0,9.6,5,468,0
1184,2,0,1500,0,1,4,3,54.0,2.1,1,404,-4
1185,2,0,1500,0,1,5,6,53.0,9.6,4,414,0
1186,2,0,1500,0,1,6,1,52.0,72.3,6,442,-8
1187,2,0,1500,0,1,7,4,53.0,78.8,7,422,-6
1188,3,1,1700,0,1,1,4,56.0,1.6,1,486,6
1189,3,1,1700,0,1,2,8,56.0,10.7,4,460,2
1190,3,1,1700,0,1,3,3,56.0,7.5,3,510,6
1191,3,1,1700,0,1,4,7,54.0,21.8,6,428,0
1192,3,1,1700,0,1,5,14,56.0,5.4,2,506,-2
1193,3,1,1700,0,1,6,1,54.0,32.6,7,430,0
1194,3,1,1700,0,1,7,2,56.0,12.1,5,486,-4
1195,3,1,1700,0,1,8,5,54.0,171.6,13,444,4
1196,3,1,1700,0,1,9,12,55.0,94.5,9,448,8
1197,3,1,1700,0,1,10,9,55.0,146.6,12,514,-2
1198,3,1,1700,0,1,11,11,56.0,74.6,8,550,0
1199,3,1,1700,0,1,12,13,52.0,217.4,14,400,2
1200,3,1,1700,0,1,13,6,56.0,136.1,11,456,-4
1201,4,0,1500,0,1,1,1,52.0,6.4,2,460,0
1202,4,0,1500,0,1,2,4,56.0,8.5,6,428,0
1203,4,0,1500,0,1,3,2,56.0,7.8,5,460,6
1204,4,0,1500,0,1,4,8,56.0,9.3,7,446,2
1205,4,0,1500,0,1,5,3,56.0,24.6,8,504,-4
1206,4,0,1500,0,1,6,12,54.0,3.3,1,416,2
1207,4,0,1500,0,1,7,10,54.0,42.7,11,470,8
1208,4,0,1500,0,1,8,7,54.0,42.8,12,456,4
1209,4,0,1500,0,1,9,6,56.0,7.0,4,478,6
1210,4,0,1500,0,1,10,9,54.0,137.1,14,464,0
1211,4,0,1500,0,1,11,13,54.0,6.8,3,444,-6
1212,4,0,1500,0,1,12,14,56.0,34.1,9,460,14
1213,4,0,1500,0,1,13,11,56.0,41.8,10,468,-4
1214,4,0,1500,0,1,14,5,55.0,114.7,13,480,0
1215,5,1,1700,0,1,1,9,54.0,7.8,4,544,0
1216,5,1,1700,0,1,2,2,54.0,5.3,3,478,0
1217,5,1,1700,0,1,3,10,52.0,23.3,6,468,0
1218,5,1,1700,0,1,4,11,54.0,3.2,2,496,0
1219,5,1,1700,0,1,5,3,54.0,145.0,12,400,0
1220,5,1,1700,0,1,6,6,53.0,41.1,8,486,0
1221,5,1,1700,0,1,7,1,54.0,2.8,1,480,0
1222,5,1,1700,0,1,8,13,54.0,15.9,5,484,0
1223,5,1,1700,0,1,9,4,54.0,43.6,9,438,0
1224,5,1,1700,0,1,10,5,54.0,32.9,7,460,0
1225,5,1,1700,0,1,11,12,54.0,58.8,10,492,0
1226,5,1,1700,0,1,12,8,54.0,84.2,11,474,0
1227,5,1,1700,0,1,13,7,54.0,178.5,13,488,0
1228,6,0,2000,0,1,1,8,56.0,3.7,2,464,-4
1229,6,0,2000,0,1,2,1,54.0,4.5,3,480,4
1230,6,0,2000,0,1,3,2,56.0,8.8,5,470,2
1231,6,0,2000,0,1,4,16,56.0,60.5,12,466,10
1232,6,0,2000,0,1,5,3,54.0,6.3,4,428,4
1233,6,0,2000,0,1,6,15,54.0,41.5,9,414,0
1234,6,0,2000,0,1,7,11,52.0,298.6,16,396,2
1235,6,0,2000,0,1,8,7,56.0,171.3,13,450,0
1236,6,0,2000,0,1,9,6,54.0,30.7,7,440,0
1237,6,0,2000,0,1,10,12,54.0,3.4,1,466,10
1238,6,0,2000,0,1,11,9,53.0,34.9,8,430,-2
1239,6,0,2000,0,1,12,4,56.0,280.9,15,460,0
1240,6,0,2000,0,1,13,13,56.0,19.2,6,530,4
1241,6,0,2000,0,1,14,14,54.0,57.3,11,482,-4
1242,6,0,2000,0,1,15,10,56.0,46.8,10,428,2
1243,7,0,1200,0,1,1,1,55.0,12.2,5,446,2
1244,7,0,1200,0,1,2,5,55.0,3.0,1,424,6
1245,7,0,1200,0,1,3,3,52.0,12.5,6,450,0
1246,7,0,1200,0,1,4,10,55.0,3.8,2,450,2
1247,7,0,1200,0,1,5,11,52.0,4.8,3,470,-6
1248,7,0,1200,0,1,6,13,52.0,44.9,9,388,-4
1249,7,0,1200,0,1,7,6,55.0,9.2,4,440,0
1250,7,0,1200,0,1,8,12,52.0,15.8,7,420,4
1251,7,0,1200,0,1,9,14,55.0,90.1,13,498,0
1252,7,0,1200,0,1,10,4,53.0,36.0,8,454,2
1253,7,0,1200,0,1,11,7,52.0,188.5,15,446,4
1254,7,0,1200,0,1,12,16,49.0,180.9,14,444,0
1255,7,0,1200,0,1,13,15,52.0,85.1,12,444,4
1256,7,0,1200,0,1,14,2,53.0,57.8,10,472,24
1257,7,0,1200,0,1,15,8,55.0,62.9,11,446,8
1258,7,0,1200,0,1,16,9,52.0,397.8,16,472,16
1259,8,1,1000,0,1,1,3,57.0,4.2,3,516,20
1260,8,1,1000,0,1,2,1,53.0,5.9,4,418,-4
1261,8,1,1000,0,1,3,6,57.0,3.4,1,470,-2
1262,8,1,1000,0,1,4,7,56.0,4.2,2,460,0
1263,8,1,1000,0,1,5,9,57.0,44.4,9,472,2
1264,8,1,1000,0,1,6,4,55.0,20.7,7,398,-4
1265,8,1,1000,0,1,7,11,57.0,9.5,5,474,-6
1266,8,1,1000,0,1,8,10,57.0,15.6,6,436,0
1267,8,1,1000,0,1,9,8,55.0,94.9,12,454,4
1268,8,1,1000,0,1,10,5,57.0,64.1,10,500,6
1269,8,1,1000,0,1,11,2,57.0,23.2,8,558,-2
1270,8,1,1000,0,1,12,12,53.0,90.2,11,466,-2
1271,9,0,2600,0,1,1,10,57.0,2.8,1,536,-6
1272,9,0,2600,0,1,2,1,57.0,3.4,2,452,10
1273,9,0,2600,0,1,3,3,54.0,4.6,3,448,2
1274,9,0,2600,0,1,4,6,57.0,16.7,6,472,2
1275,9,0,2600,0,1,5,2,57.0,13.1,5,520,-2
1276,9,0,2600,0,1,6,4,54.0,35.2,8,456,-10
1277,9,0,2600,0,1,7,8,57.0,32.4,7,500,-8
1278,9,0,2600,0,1,8,7,57.0,5.5,4,582,0
1279,9,0,2600,0,1,9,12,55.0,172.8,10,438,-4
1280,9,0,2600,0,1,10,11,54.0,298.7,12,484,14
1281,9,0,2600,0,1,11,9,54.0,132.7,9,474,-6
1282,9,0,2600,0,1,12,5,54.0,298.4,11,494,-2
1283,10,0,1200,0,1,1,14,56.0,18.9,6,448,0
1284,10,0,1200,0,1,2,5,56.0,20.2,7,440,6
1285,10,0,1200,0,1,3,10,56.0,3.5,2,450,-4
1286,10,0,1200,0,1,4,3,58.0,3.2,1,492,6
1287,10,0,1200,0,1,5,11,58.0,16.7,5,450,6
1288,10,0,1200,0,1,6,13,56.0,6.2,4,456,6
1289,10,0,1200,0,1,7,12,56.0,28.3,9,492,2
1290,10,0,1200,0,1,8,2,56.0,5.7,3,474,-4
1291,10,0,1200,0,1,9,8,58.0,20.2,8,450,-6
1292,10,0,1200,0,1,10,7,58.0,285.4,14,454,-2
1293,10,0,1200,0,1,11,6,58.0,41.3,11,468,-10
1294,10,0,1200,0,1,12,9,58.0,282.9,13,494,-6
1295,10,0,1200,0,1,13,4,56.0,32.5,10,424,-6
1296,10,0,1200,0,1,14,1,56.0,63.9,12,478,-4
1297,11,0,2000,0,1,1,3,56.0,3.4,1,486,-6
1298,11,0,2000,0,1,2,8,58.0,22.7,9,470,2
1299,11,0,2000,0,1,3,10,58.0,8.6,5,458,10
1300,11,0,2000,0,1,4,5,58.0,4.3,2,502,-4
1301,11,0,2000,0,1,5,11,58.0,7.5,4,460,4
1302,11,0,2000,0,1,6,12,58.0,35.5,10,470,0
1303,11,0,2000,0,1,7,13,58.0,5.1,3,460,0
1304,11,0,2000,0,1,8,6,58.0,19.7,7,470,2
1305,11,0,2000,0,1,9,7,58.0,19.8,8,482,2
1306,11,0,2000,0,1,10,9,58.0,68.9,12,480,0
1307,11,0,2000,0,1,11,2,58.0,12.7,6,538,4
1308,11,0,2000,0,1,12,1,58.0,58.2,11,498,14
1309,11,0,2000,0,1,13,4,58.0,229.8,13,460,-2
1310,12,1,1700,0,1,1,5,57.0,3.6,2,488,6
1311,12,1,1700,0,1,2,1,54.0,2.1,1,454,-6
1312,12,1,1700,0,1,3,4,57.0,15.8,5,502,6
1313,12,1,1700,0,1,4,11,57.0,20.2,6,474,-2
1314,12,1,1700,0,1,5,2,54.0,14.7,4,500,-6
1315,12,1,1700,0,1,6,3,57.0,51.5,8,512,8
1316,12,1,1700,0,1,7,6,54.0,85.7,9,532,6
1317,12,1,1700,0,1,8,14,54.0,4.1,3,474,10
1318,12,1,1700,0,1,9,7,54.0,122.5,11,484,-2
1319,12,1,1700,0,1,10,9,57.0,25.9,7,482,10
1320,12,1,1700,0,1,11,12,57.0,411.0,13,528,2
1321,12,1,1700,0,1,12,8,55.0,197.5,12,428,2
1322,12,1,1700,0,1,13,10,54.0,452.5,14,474,10
1323,12,1,1700,0,1,14,13,57.0,111.0,10,504,8
1324,1,0,1800,0,1,1,2,54.0,3.1,2,454,-4
1325,1,0,1800,0,1,2,1,54.0,1.5,1,484,-2
1326,1,0,1800,0,1,3,4,54.0,42.2,4,434,0
1327,1,0,1800,0,1,4,3,54.0,4.4,3,450,-6
1328,1,0,1800,0,1,5,5,54.0,45.0,5,408,2
1329,2,1,1700,0,1,1,1,54.0,19.2,6,450,2
1330,2,1,1700,0,1,2,2,52.0,5.2,2,434,-2
1331,2,1,1700,0,1,3,4,54.0,5.5,3,454,2
1332,2,1,1700,0,1,4,11,53.0,6.1,5,428,2
1333,2,1,1700,0,1,5,9,54.0,2.6,1,456,-2
1334,2,1,1700,0,1,6,14,54.0,27.5,7,446,0
1335,2,1,1700,0,1,7,8,54.0,71.8,10,416,-4
1336,2,1,1700,0,1,8,7,54.0,359.9,14,476,2
1337,2,1,1700,0,1,9,3,54.0,5.5,4,472,4
1338,2,1,1700,0,1,10,5,54.0,344.8,13,456,18
1339,2,1,1700,0,1,11,6,54.0,45.1,8,428,-2
1340,2,1,1700,0,1,12,10,53.0,128.9,11,436,6
1341,2,1,1700,0,1,13,13,52.0,165.7,12,444,4
1342,2,1,1700,0,1,14,12,54.0,70.9,9,430,8
1343,3,1,1000,0,1,1,1,56.0,1.6,1,464,6
1344,3,1,1000,0,1,2,3,54.0,6.2,3,434,4
1345,3,1,1000,0,1,3,12,54.0,21.5,6,456,-4
1346,3,1,1000,0,1,4,5,54.0,19.1,5,460,0
1347,3,1,1000,0,1,5,7,54.0,110.4,9,492,-6
1348,3,1,1000,0,1,6,6,55.0,148.9,10,484,6
1349,3,1,1000,0,1,7,11,56.0,216.3,11,456,-2
1350,3,1,1000,0,1,8,9,54.0,11.6,4,456,4
1351,3,1,1000,0,1,9,10,54.0,238.2,12,462,0
1352,3,1,1000,0,1,10,4,52.0,23.9,7,432,10
1353,3,1,1000,0,1,11,2,54.0,4.4,2,472,2
1354,3,1,1000,0,1,12,8,54.0,45.2,8,436,-4
1355,4,1,1700,0,1,1,1,55.0,45.2,11,448,8
1356,4,1,1700,0,1,2,7,56.0,2.7,1,476,-2
1357,4,1,1700,0,1,3,8,54.0,9.0,4,424,-4
1358,4,1,1700,0,1,4,6,54.0,37.4,9,470,-3
1359,4,1,1700,0,1,5,9,56.0,10.2,5,500,-4
1360,4,1,1700,0,1,6,14,54.0,14.7,6,452,-2
1361,4,1,1700,0,1,7,12,54.0,6.3,3,452,0
1362,4,1,1700,0,1,8,4,56.0,16.8,8,440,6
1363,4,1,1700,0,1,9,10,56.0,4.0,2,460,4
1364,4,1,1700,0,1,10,13,54.0,254.7,13,434,4
1365,4,1,1700,0,1,11,3,52.0,71.6,12,446,4
1366,4,1,1700,0,1,12,5,56.0,16.0,7,508,12
1367,4,1,1700,0,1,13,11,54.0,45.0,10,464,16
1368,4,1,1700,0,1,14,2,54.0,279.4,14,438,-2
1369,5,0,1200,0,1,1,2,54.0,5.5,2,442,0
1370,5,0,1200,0,1,2,1,54.0,1.3,1,498,0
1371,5,0,1200,0,1,3,5,54.0,7.0,3,426,0
1372,5,0,1200,0,1,4,6,54.0,15.1,4,424,0
1373,5,0,1200,0,1,5,3,54.0,21.8,5,454,0
1374,5,0,1200,0,1,6,4,53.0,40.6,6,418,0
1375,6,0,2600,0,1,1,3,54.0,5.1,3,458,-14
1376,6,0,2600,0,1,2,13,54.0,4.1,2,454,10
1377,6,0,2600,0,1,3,10,56.0,52.3,10,522,-8
1378,6,0,2600,0,1,4,2,56.0,2.6,1,532,10
1379,6,0,2600,0,1,5,1,54.0,9.5,5,446,14
1380,6,0,2600,0,1,6,11,56.0,126.6,12,516,4
1381,6,0,2600,0,1,7,7,56.0,14.2,6,488,0
1382,6,0,2600,0,1,8,14,56.0,7.5,4,484,-4
1383,6,0,2600,0,1,9,4,56.0,28.9,7,474,2
1384,6,0,2600,0,1,10,12,56.0,32.0,8,450,2
1385,6,0,2600,0,1,11,6,56.0,47.8,9,474,4
1386,6,0,2600,0,1,12,9,54.0,77.6,11,466,-4
1387,6,0,2600,0,1,13,8,54.0,163.3,13,460,6
1388,7,1,1700,0,1,1,8,57.0,11.4,6,492,6
1389,7,1,1700,0,1,2,3,57.0,9.7,5,444,10
1390,7,1,1700,0,1,3,5,55.0,54.6,8,468,-2
1391,7,1,1700,0,1,4,1,57.0,1.9,1,488,-8
1392,7,1,1700,0,1,5,7,57.0,26.6,7,518,-8
1393,7,1,1700,0,1,6,6,57.0,5.7,2,506,-6
1394,7,1,1700,0,1,7,12,57.0,6.6,3,480,8
1395,7,1,1700,0,1,8,9,57.0,246.6,13,480,4
1396,7,1,1700,0,1,9,13,57.0,8.0,4,532,4
1397,7,1,1700,0,1,10,2,54.0,135.4,10,490,10
1398,7,1,1700,0,1,11,14,55.0,176.2,12,428,-4
1399,7,1,1700,0,1,12,10,57.0,112.0,9,452,12
1400,7,1,1700,0,1,13,11,53.0,137.6,11,462,14
1401,8,0,2000,0,1,1,14,52.0,1.9,1,504,-4
1402,8,0,2000,0,1,2,15,52.0,15.0,5,416,14
1403,8,0,2000,0,1,3,6,57.0,23.7,7,476,-2
1404,8,0,2000,0,1,4,12,50.0,72.0,12,462,4
1405,8,0,2000,0,1,5,9,57.0,21.0,6,464,-8
1406,8,0,2000,0,1,6,4,52.0,43.0,8,422,0
1407,8,0,2000,0,1,7,5,54.0,10.6,3,512,6
1408,8,0,2000,0,1,8,2,54.0,11.9,4,462,0
1409,8,0,2000,0,1,9,8,57.0,60.8,10,484,0
1410,8,0,2000,0,1,10,7,57.0,3.3,2,468,-4
1411,8,0,2000,0,1,11,16,55.0,52.7,9,474,0
1412,8,0,2000,0,1,12,10,52.0,153.2,13,442,6
1413,8,0,2000,0,1,13,13,51.0,204.8,16,468,-4
1414,8,0,2000,0,1,14,3,56.0,65.9,11,456,2
1415,8,0,2000,0,1,15,1,56.0,204.3,15,446,-8
1416,8,0,2000,0,1,16,11,54.0,167.7,14,452,-2
1417,9,0,1500,0,1,1,8,54.0,3.1,2,458,-4
1418,9,0,1500,0,1,2,10,54.0,2.3,1,492,-6
1419,9,0,1500,0,1,3,3,52.0,5.0,3,424,12
1420,9,0,1500,0,1,4,5,54.0,159.4,13,450,0
1421,9,0,1500,0,1,5,13,54.0,65.8,10,450,8
1422,9,0,1500,0,1,6,6,52.0,26.5,7,420,0
1423,9,0,1500,0,1,7,2,57.0,34.1,9,496,-4
1424,9,0,1500,0,1,8,12,55.0,17.5,5,428,4
1425,9,0,1500,0,1,9,9,57.0,20.1,6,472,2
1426,9,0,1500,0,1,10,7,57.0,135.4,12,488,0
1427,9,0,1500,0,1,11,1,55.0,33.3,8,504,-2
1428,9,0,1500,0,1,12,4,54.0,13.1,4,438,0
1429,9,0,1500,0,1,13,11,57.0,115.1,11,472,8
1430,10,1,1700,0,1,1,13,58.0,4.3,2,496,-4
1431,10,1,1700,0,1,2,6,58.0,1.9,1,472,-2
1432,10,1,1700,0,1,3,9,56.0,10.8,4,452,0
1433,10,1,1700,0,1,4,11,58.0,13.3,5,462,0
1434,10,1,1700,0,1,5,3,58.0,37.9,10,480,8
1435,10,1,1700,0,1,6,1,58.0,48.9,11,490,0
1436,10,1,1700,0,1,7,2,58.0,32.0,8,542,6
1437,10,1,1700,0,1,8,7,56.0,19.3,6,538,14
1438,10,1,1700,0,1,9,4,56.0,81.6,13,452,-6
1439,10,1,1700,0,1,10,8,56.0,284.0,14,464,0
1440,10,1,1700,0,1,11,14,58.0,8.3,3,488,-6
1441,10,1,1700,0,1,12,12,58.0,24.5,7,522,0
1442,10,1,1700,0,1,13,10,56.0,70.9,12,480,-4
1443,10,1,1700,0,1,14,5,58.0,36.1,9,476,-8
1444,11,0,1200,0,1,1,11,54.0,3.7,1,522,0
1445,11,0,1200,0,1,2,7,53.0,6.4,4,472,2
1446,11,0,1200,0,1,3,4,54.0,26.2,9,490,-2
1447,11,0,1200,0,1,4,13,56.0,8.3,5,532,-8
1448,11,0,1200,0,1,5,2,56.0,79.9,14,502,-4
1449,11,0,1200,0,1,5,6,55.0,4.1,2,498,2
1450,11,0,1200,0,1,7,12,53.0,14.8,6,474,6
1451,11,0,1200,0,1,8,8,54.0,19.6,7,462,-8
1452,11,0,1200,0,1,9,5,58.0,6.1,3,502,-2
1453,11,0,1200,0,1,10,15,56.0,289.3,16,480,6
1454,11,0,1200,0,1,11,9,56.0,67.8,13,462,4
1455,11,0,1200,0,1,12,1,54.0,31.1,10,496,2
1456,11,0,1200,0,1,13,14,54.0,64.2,12,486,2
1457,11,0,1200,0,1,14,3,56.0,22.0,8,512,6
1458,11,0,1200,0,1,15,10,57.0,55.5,11,508,24
1459,11,0,1200,0,1,16,16,56.0,154.0,15,508,14
1460,12,0,1800,0,1,1,11,58.0,3.5,3,514,8
1461,12,0,1800,0,1,2,2,58.0,3.0,1,486,2
1462,12,0,1800,0,1,3,5,58.0,78.5,12,508,2
1463,12,0,1800,0,1,4,1,56.0,26.1,7,438,2
1464,12,0,1800,0,1,5,3,58.0,102.3,13,452,-6
1465,12,0,1800,0,1,6,7,56.0,3.4,2,470,10
1466,12,0,1800,0,1,7,4,58.0,11.3,4,472,0
1467,12,0,1800,0,1,8,14,58.0,61.2,10,492,4
1468,12,0,1800,0,1,9,12,58.0,109.9,14,518,0
1469,12,0,1800,0,1,10,9,56.0,68.8,11,466,6
1470,12,0,1800,0,1,11,13,58.0,48.7,8,520,-4
1471,12,0,1800,0,1,12,6,58.0,13.8,5,452,4
1472,12,0,1800,0,1,13,8,56.0,19.6,6,434,-8
1473,12,0,1800,0,1,14,10,58.0,49.2,9,478,2
1474,1,1,1700,0,1,1,11,53.0,6.6,4,480,-8
1475,1,1,1700,0,1,2,7,54.0,2.7,1,528,18
1476,1,1,1700,0,1,3,8,54.0,4.6,3,442,2
1477,1,1,1700,0,1,4,9,54.0,59.3,7,416,6
1478,1,1,1700,0,1,5,10,54.0,3.1,2,478,0
1479,1,1,1700,0,1,6,4,54.0,15.7,5,480,-6
1480,1,1,1700,0,1,7,1,54.0,173.1,10,486,-6
1481,1,1,1700,0,1,8,2,54.0,253.0,12,444,-4
1482,1,1,1700,0,1,9,6,54.0,194.1,11,444,8
1483,1,1,1700,0,1,10,14,54.0,129.9,9,494,2
1484,1,1,1700,0,1,11,13,54.0,39.6,6,468,-6
1485,1,1,1700,0,1,12,12,54.0,294.5,13,484,8
1486,1,1,1700,0,1,13,3,54.0,63.3,8,398,-2
1487,2,0,2000,0,1,1,6,54.0,2.2,1,466,-6
1488,2,0,2000,0,1,2,4,54.0,3.7,2,472,0
1489,2,0,2000,0,1,3,8,54.0,241.7,12,414,2
1490,2,0,2000,0,1,4,9,54.0,7.0,3,472,0
1491,2,0,2000,0,1,5,2,54.0,10.8,5,456,8
1492,2,0,2000,0,1,6,11,52.0,89.2,8,478,6
1493,2,0,2000,0,1,7,5,54.0,116.6,9,496,8
1494,2,0,2000,0,1,8,7,54.0,8.3,4,492,-4
1495,2,0,2000,0,1,9,13,54.0,232.1,11,464,-8
1496,2,0,2000,0,1,10,1,54.0,248.3,13,448,-6
1497,2,0,2000,0,1,11,15,54.0,17.7,6,482,2
1498,2,0,2000,0,1,12,12,54.0,206.1,10,504,0
1499,2,0,2000,0,1,13,10,54.0,536.3,16,464,-8
1500,2,0,2000,0,1,14,3,54.0,52.4,7,498,18
1501,2,0,2000,0,1,15,14,54.0,272.3,14,460,-8
1502,2,0,2000,0,1,16,16,54.0,277.6,15,498,6
1503,3,1,1700,0,1,1,8,54.0,6.7,3,464,2
1504,3,1,1700,0,1,2,6,56.0,2.0,1,458,-2
1505,3,1,1700,0,1,3,4,56.0,3.1,2,498,8
1506,3,1,1700,0,1,4,7,56.0,29.8,6,476,4
1507,3,1,1700,0,1,5,2,53.0,7.5,4,428,0
1508,3,1,1700,0,1,6,3,56.0,13.3,5,486,2
1509,3,1,1700,0,1,7,12,54.0,115.5,8,510,-4
1510,3,1,1700,0,1,8,9,54.0,42.0,7,438,2
1511,3,1,1700,0,1,9,1,55.0,196.8,12,440,-2
1512,3,1,1700,0,1,9,13,54.0,212.4,13,442,2
1513,3,1,1700,0,1,11,5,52.0,134.7,10,504,10
1514,3,1,1700,0,1,12,10,56.0,149.1,11,486,-4
1515,3,1,1700,0,1,13,14,56.0,124.4,9,526,-4
1516,4,0,1200,0,1,1,11,54.0,5.2,3,460,4
1517,4,0,1200,0,1,2,16,56.0,27.6,10,466,6
1518,4,0,1200,0,1,3,2,54.0,3.1,1,438,0
1519,4,0,1200,0,1,4,15,54.0,19.8,7,400,8
1520,4,0,1200,0,1,5,8,54.0,14.4,6,448,0
1521,4,0,1200,0,1,6,9,52.0,61.6,13,508,-2
1522,4,0,1200,0,1,7,3,54.0,4.2,2,440,10
1523,4,0,1200,0,1,8,6,54.0,44.7,12,436,-12
1524,4,0,1200,0,1,9,14,54.0,254.4,15,428,6
1525,4,0,1200,0,1,10,5,54.0,10.6,5,476,0
1526,4,0,1200,0,1,11,13,56.0,40.0,11,450,4
1527,4,0,1200,0,1,12,7,54.0,22.9,9,470,8
1528,4,0,1200,0,1,13,12,56.0,139.8,14,494,-4
1529,4,0,1200,0,1,14,10,54.0,21.5,8,460,-4
1530,4,0,1200,0,1,15,4,56.0,10.4,4,498,0
1531,4,0,1200,0,1,16,1,54.0,442.0,16,434,8
1532,5,0,1500,0,1,1,5,54.0,2.9,1,456,0
1533,5,0,1500,0,1,2,4,54.0,5.3,4,502,0
1534,5,0,1500,0,1,3,1,54.0,3.0,2,452,0
1535,5,0,1500,0,1,4,2,54.0,4.0,3,460,0
1536,5,0,1500,0,1,5,6,53.0,30.0,5,472,0
1537,5,0,1500,0,1,6,8,54.0,48.4,7,492,0
1538,5,0,1500,0,1,7,3,54.0,40.2,6,400,0
1539,5,0,1500,0,1,8,7,52.0,135.1,8,468,0
1540,5,0,1500,0,1,9,9,54.0,182.1,9,482,0
1541,6,1,1000,0,1,1,4,53.0,7.8,4,448,4
1542,6,1,1000,0,1,2,9,55.0,2.0,1,476,10
1543,6,1,1000,0,1,3,10,53.0,11.1,6,480,18
1544,6,1,1000,0,1,4,8,55.0,10.0,5,436,-6
1545,6,1,1000,0,1,5,5,53.0,4.5,2,460,0
1546,6,1,1000,0,1,6,6,51.0,82.4,9,454,10
1547,6,1,1000,0,1,7,7,52.0,34.1,8,466,-4
1548,6,1,1000,0,1,8,1,55.0,7.2,3,426,6
1549,6,1,1000,0,1,9,11,51.0,29.6,7,454,4
1550,6,1,1000,0,1,10,12,53.0,110.0,10,446,0
1551,6,1,1000,0,1,11,2,55.0,117.0,11,450,0
1552,6,1,1000,0,1,12,3,52.0,318.9,12,434,26
1553,7,1,1700,0,1,1,8,52.0,3.3,1,446,4
1554,7,1,1700,0,1,2,10,52.0,14.8,7,504,4
1555,7,1,1700,0,1,3,7,55.0,6.1,4,482,-8
1556,7,1,1700,0,1,4,4,52.0,12.0,6,426,-4
1557,7,1,1700,0,1,5,13,54.0,33.6,10,448,6
1558,7,1,1700,0,1,6,9,57.0,12.0,5,486,2
1559,7,1,1700,0,1,7,11,54.0,32.4,9,442,0
1560,7,1,1700,0,1,8,12,57.0,157.2,12,484,4
1561,7,1,1700,0,1,9,14,57.0,205.9,13,474,-2
1562,7,1,1700,0,1,10,1,57.0,32.3,8,490,2
1563,7,1,1700,0,1,11,6,54.0,5.6,3,452,18
1564,7,1,1700,0,1,12,3,55.0,39.1,11,522,8
1565,7,1,1700,0,1,13,2,52.0,4.0,2,456,6
1566,7,1,1700,0,1,14,5,57.0,250.2,14,514,6
1567,8,0,2000,0,0,1,9,52.0,3.3,3,452,2
1568,8,0,2000,0,0,2,7,54.0,2.5,1,508,8
1569,8,0,2000,0,0,3,8,52.0,3.3,2,524,-2
1570,8,0,2000,0,0,4,14,52.0,20.0,5,416,0
1571,8,0,2000,0,0,5,6,57.0,57.7,9,422,-4
1572,8,0,2000,0,0,6,10,54.0,28.9,7,476,-4
1573,8,0,2000,0,0,7,13,55.0,115.6,10,454,10
1574,8,0,2000,0,0,8,16,54.0,34.6,8,470,2
1575,8,0,2000,0,0,9,2,57.0,160.3,11,464,0
1576,8,0,2000,0,0,10,15,57.0,28.4,6,498,0
1577,8,0,2000,0,0,11,11,57.0,15.3,4,468,0
1578,8,0,2000,0,0,12,12,55.0,280.8,15,460,-6
1579,8,0,2000,0,0,13,4,57.0,189.2,12,458,4
1580,8,0,2000,0,0,14,1,55.0,232.6,14,472,8
1581,8,0,2000,0,0,15,3,54.0,287.0,16,480,-8
1582,8,0,2000,0,0,16,5,56.0,218.1,13,452,-4
1583,9,1,1700,0,1,1,7,57.0,2.5,1,490,2
1584,9,1,1700,0,1,2,8,54.0,3.6,2,480,0
1585,9,1,1700,0,1,3,2,53.0,6.8,3,512,4
1586,9,1,1700,0,1,4,1,52.0,11.1,5,448,0
1587,9,1,1700,0,1,5,3,55.0,18.8,6,514,8
1588,9,1,1700,0,1,6,12,57.0,46.0,9,446,12
1589,9,1,1700,0,1,7,9,52.0,31.6,8,452,2
1590,9,1,1700,0,1,8,14,55.0,7.0,4,454,6
1591,9,1,1700,0,1,9,5,54.0,130.7,13,502,4
1592,9,1,1700,0,1,10,6,50.0,21.6,7,470,4
1593,9,1,1700,0,1,11,11,52.0,149.7,14,508,20
1594,9,1,1700,0,1,12,13,57.0,46.5,10,466,2
1595,9,1,1700,0,1,13,10,54.0,123.1,12,482,-4
1596,9,1,1700,0,1,14,4,54.0,113.2,11,442,2
1597,10,0,1200,0,0,1,14,55.0,13.9,5,480,2
1598,10,0,1200,0,0,2,15,55.0,14.1,6,444,2
1599,10,0,1200,0,0,3,16,55.0,10.8,4,496,10
1600,10,0,1200,0,0,4,5,55.0,16.2,7,462,8
1601,10,0,1200,0,0,5,6,55.0,30.2,9,440,0
1602,10,0,1200,0,0,6,13,57.0,2.0,1,500,8
1603,10,0,1200,0,0,7,3,55.0,7.5,3,444,-6
1604,10,0,1200,0,0,8,11,55.0,379.6,15,478,4
1605,10,0,1200,0,0,9,8,53.0,4.8,2,492,4
1606,10,0,1200,0,0,10,12,57.0,45.8,10,486,-6
1607,10,0,1200,0,0,11,10,55.0,28.1,8,482,4
1608,10,0,1200,0,0,12,9,55.0,75.5,11,446,0
1609,10,0,1200,0,0,13,7,55.0,185.2,13,492,-2
1610,10,0,1200,0,0,14,4,57.0,385.4,16,498,18
1611,10,0,1200,0,0,15,1,57.0,184.4,12,490,10
1612,10,0,1200,0,0,16,2,57.0,338.9,14,520,2
1613,11,0,1800,0,0,1,3,54.0,28.2,6,474,-2
1614,11,0,1800,0,0,2,14,54.0,8.0,4,442,6
1615,11,0,1800,0,0,3,1,54.0,2.5,1,462,-6
1616,11,0,1800,0,0,4,2,54.0,70.4,8,446,0
1617,11,0,1800,0,0,5,5,54.0,6.4,3,484,10
1618,11,0,1800,0,0,6,11,54.0,101.0,11,464,4
1619,11,0,1800,0,0,7,10,54.0,2.9,2,462,0
1620,11,0,1800,0,0,8,9,54.0,14.7,5,434,-6
1621,11,0,1800,0,0,9,8,54.0,78.5,10,472,0
1622,11,0,1800,0,0,10,12,54.0,73.2,9,512,4
1623,11,0,1800,0,0,11,7,54.0,40.4,7,470,6
1624,11,0,1800,0,0,12,13,54.0,264.2,12,446,-6
1625,11,0,1800,0,0,13,6,54.0,312.9,13,400,14
1626,11,0,1800,0,0,14,4,54.0,454.9,14,454,-4
1627,12,0,2000,0,0,1,14,55.0,4.5,3,460,-6
1628,12,0,2000,0,0,2,2,54.0,3.8,2,474,2
1629,12,0,2000,0,0,3,15,54.0,11.5,5,480,14
1630,12,0,2000,0,0,4,16,57.0,41.5,8,502,4
1631,12,0,2000,0,0,5,5,57.0,49.3,9,464,4
1632,12,0,2000,0,0,6,12,57.0,227.3,12,498,2
1633,12,0,2000,0,0,7,6,57.0,87.6,10,450,-2
1634,12,0,2000,0,0,8,8,57.0,7.0,4,476,2
1635,12,0,2000,0,0,9,11,57.0,167.5,11,492,0
1636,12,0,2000,0,0,10,10,57.0,314.1,14,476,-2
1637,12,0,2000,0,0,11,3,55.0,334.8,15,458,-6
1638,12,0,2000,0,0,12,4,57.0,416.4,16,490,4
1639,12,0,2000,0,0,13,13,54.0,2.7,1,550,10
1640,12,0,2000,0,0,14,9,54.0,16.6,6,474,-4
1641,12,0,2000,0,0,15,7,52.0,25.2,7,454,0
1642,12,0,2000,0,0,16,1,57.0,241.5,13,474,-2
1643,1,0,1500,0,0,1,6,52.0,2.8,1,464,0
1644,1,0,1500,0,0,2,4,54.0,11.5,4,440,4
1645,1,0,1500,0,0,3,13,54.0,3.1,2,458,-4
1646,1,0,1500,0,0,4,8,54.0,5.5,3,462,-10
1647,1,0,1500,0,0,5,11,54.0,49.9,10,498,8
1648,1,0,1500,0,0,6,10,54.0,136.1,12,454,-6
1649,1,0,1500,0,0,7,9,54.0,168.0,14,440,4
1650,1,0,1500,0,0,8,2,54.0,17.6,6,440,6
1651,1,0,1500,0,0,9,7,52.0,118.7,11,414,8
1652,1,0,1500,0,0,10,12,54.0,33.2,8,492,6
1653,1,0,1500,0,0,11,1,54.0,140.5,13,474,-4
1654,1,0,1500,0,0,12,5,54.0,30.9,7,406,-2
1655,1,0,1500,0,0,13,3,53.0,41.0,9,470,16
1656,1,0,1500,0,0,14,14,54.0,14.7,5,466,-2
1657,2,0,1200,0,0,1,15,54.0,8.9,3,424,-2
1658,2,0,1200,0,0,2,11,54.0,50.7,5,434,16
1659,2,0,1200,0,0,3,3,54.0,1.8,1,422,8
1660,2,0,1200,0,0,4,7,54.0,2.5,2,480,6
1661,2,0,1200,0,0,5,14,54.0,14.0,4,412,-6
1662,2,0,1200,0,0,6,10,54.0,156.0,9,434,8
1663,2,0,1200,0,0,7,2,54.0,289.5,10,438,6
1664,2,0,1200,0,0,8,1,53.0,56.9,6,414,0
1665,2,0,1200,0,0,9,13,53.0,383.4,13,426,4
1666,2,0,1200,0,0,10,4,54.0,532.2,15,420,10
1667,2,0,1200,0,0,11,6,54.0,68.3,7,470,0
1668,2,0,1200,0,0,12,9,54.0,119.0,8,480,0
1669,2,0,1200,0,0,13,5,54.0,291.4,11,420,-4
1670,2,0,1200,0,0,14,8,52.0,473.3,14,420,2
1671,2,0,1200,0,0,15,12,53.0,357.7,12,412,-2
1672,3,1,1000,0,0,1,8,54.0,11.0,5,466,-4
1673,3,1,1000,0,0,2,4,56.0,4.0,2,462,2
1674,3,1,1000,0,0,3,2,56.0,42.6,10,486,-2
1675,3,1,1000,0,0,4,6,52.0,2.9,1,474,0
1676,3,1,1000,0,0,5,1,54.0,17.1,7,466,6
1677,3,1,1000,0,0,6,3,56.0,19.1,8,408,2
1678,3,1,1000,0,0,7,10,54.0,4.9,3,436,2
1679,3,1,1000,0,0,8,9,54.0,50.7,11,496,4
1680,3,1,1000,0,0,9,12,53.0,16.8,6,462,-4
1681,3,1,1000,0,0,10,5,54.0,36.6,9,458,6
1682,3,1,1000,0,0,11,7,54.0,8.7,4,450,-8
1683,3,1,1000,0,0,12,11,53.0,54.3,12,404,-6
1684,4,1,1700,0,0,1,6,56.0,3.6,2,470,2
1685,4,1,1700,0,0,2,4,54.0,9.5,3,424,0
1686,4,1,1700,0,0,3,3,54.0,33.6,9,430,2
1687,4,1,1700,0,0,4,14,54.0,19.2,7,516,2
1688,4,1,1700,0,0,5,7,56.0,153.3,12,480,6
1689,4,1,1700,0,0,6,10,55.0,10.1,4,510,0
1690,4,1,1700,0,0,7,9,56.0,143.0,11,436,-2
1691,4,1,1700,0,0,8,2,54.0,24.0,8,516,2
1692,4,1,1700,0,0,9,12,54.0,419.0,14,424,12
1693,4,1,1700,0,0,10,11,56.0,12.2,5,508,2
1694,4,1,1700,0,0,11,5,54.0,13.0,6,444,6
1695,4,1,1700,0,0,12,8,56.0,90.2,10,496,6
1696,4,1,1700,0,0,13,13,54.0,2.1,1,452,-2
1697,4,1,1700,0,0,14,1,54.0,210.8,13,440,6
1698,5,0,2000,0,0,1,7,54.0,25.8,9,420,-2
1699,5,0,2000,0,0,2,1,54.0,9.1,4,452,-2
1700,5,0,2000,0,0,3,3,54.0,15.8,7,424,-4
1701,5,0,2000,0,0,4,5,54.0,8.0,3,426,-4
1702,5,0,2000,0,0,5,8,56.0,10.5,5,528,-4
1703,5,0,2000,0,0,6,16,52.0,41.8,10,464,-2
1704,5,0,2000,0,0,7,2,56.0,2.3,1,456,-8
1705,5,0,2000,0,0,8,11,56.0,42.1,11,468,2
1706,5,0,2000,0,0,9,9,56.0,62.7,12,518,-4
1707,5,0,2000,0,0,10,10,54.0,175.6,15,432,8
1708,5,0,2000,0,0,11,6,53.0,157.3,14,464,2
1709,5,0,2000,0,0,12,14,54.0,12.4,6,476,-4
1710,5,0,2000,0,0,13,4,56.0,87.4,13,468,0
1711,5,0,2000,0,0,14,13,56.0,6.1,2,452,8
1712,5,0,2000,0,0,15,12,56.0,16.8,8,472,2
1713,5,0,2000,0,0,16,15,53.0,232.4,16,450,6
1714,6,1,1000,0,0,1,10,55.0,1.7,1,488,-2
1715,6,1,1000,0,0,2,2,53.0,5.0,2,418,0
1716,6,1,1000,0,0,3,9,57.0,12.7,5,446,10
1717,6,1,1000,0,0,4,6,55.0,98.1,10,448,4
1718,6,1,1000,0,0,5,3,56.0,9.1,4,462,2
1719,6,1,1000,0,0,6,11,55.0,143.9,11,414,10
1720,6,1,1000,0,0,7,5,57.0,78.7,8,476,4
1721,6,1,1000,0,0,8,1,57.0,5.6,3,494,4
1722,6,1,1000,0,0,9,8,56.0,91.2,9,562,4
1723,6,1,1000,0,0,10,7,57.0,148.0,12,454,0
1724,6,1,1000,0,0,11,12,55.0,31.8,7,458,-2
1725,6,1,1000,0,0,12,4,53.0,28.3,6,500,-2
1726,7,0,1200,0,0,1,15,55.0,1.5,1,494,2
1727,7,0,1200,0,0,2,9,55.0,8.0,2,482,8
1728,7,0,1200,0,0,3,4,53.0,24.5,8,478,8
1729,7,0,1200,0,0,4,7,53.0,14.0,5,450,0
1730,7,0,1200,0,0,5,3,55.0,67.8,11,452,2
1731,7,0,1200,0,0,6,5,53.0,30.7,9,458,8
1732,7,0,1200,0,0,7,16,57.0,55.5,10,454,-2
1733,7,0,1200,0,0,8,8,52.0,206.4,16,398,-4
1734,7,0,1200,0,0,9,10,55.0,105.3,14,448,12
1735,7,0,1200,0,0,10,11,55.0,12.6,3,440,0
1736,7,0,1200,0,0,11,6,53.0,13.5,4,450,8
1737,7,0,1200,0,0,12,13,55.0,15.9,6,438,8
1738,7,0,1200,0,0,13,12,57.0,84.5,12,458,2
1739,7,0,1200,0,0,14,14,57.0,201.1,15,550,13
1740,7,0,1200,0,0,15,2,51.0,84.9,13,416,6
1741,7,0,1200,0,0,16,1,55.0,16.2,7,496,0
1742,8,1,1700,0,0,1,9,55.0,3.4,2,464,-2
1743,8,1,1700,0,0,2,7,54.0,32.6,9,436,-6
1744,8,1,1700,0,0,3,4,52.0,8.2,4,486,0
1745,8,1,1700,0,0,4,3,57.0,3.1,1,478,2
1746,8,1,1700,0,0,5,10,53.0,89.5,14,432,-8
1747,8,1,1700,0,0,6,8,54.0,26.4,7,468,4
1748,8,1,1700,0,0,7,13,55.0,41.1,11,466,-2
1749,8,1,1700,0,0,8,2,54.0,28.6,8,460,-4
1750,8,1,1700,0,0,9,12,54.0,14.5,5,464,2
1751,8,1,1700,0,0,10,5,57.0,32.8,10,456,-2
1752,8,1,1700,0,0,11,1,54.0,15.5,6,490,-2
1753,8,1,1700,0,0,12,6,57.0,65.0,13,464,-2
1754,8,1,1700,0,0,13,14,57.0,5.2,3,468,-4
1755,8,1,1700,0,0,14,11,55.0,52.8,12,458,18
1756,9,0,1800,0,0,1,14,52.0,67.6,9,468,10
1757,9,0,1800,0,0,2,13,55.0,3.5,2,452,0
1758,9,0,1800,0,0,3,8,54.0,2.2,1,486,0
1759,9,0,1800,0,0,4,5,52.0,9.7,5,466,-6
1760,9,0,1800,0,0,5,1,52.0,39.0,8,456,8
1761,9,0,1800,0,0,6,12,57.0,84.4,10,476,0
1762,9,0,1800,0,0,7,6,57.0,8.6,4,482,4
1763,9,0,1800,0,0,8,4,55.0,6.3,3,456,2
1764,9,0,1800,0,0,9,3,55.0,97.6,11,458,14
1765,9,0,1800,0,0,10,2,55.0,208.6,12,420,4
1766,9,0,1800,0,0,11,10,55.0,21.7,6,440,4
1767,9,0,1800,0,0,12,9,55.0,26.2,7,426,0
1768,9,0,1800,0,0,13,7,55.0,325.7,13,416,-6
1769,10,0,1200,0,0,1,3,54.0,4.9,2,442,0
1770,10,0,1200,0,0,2,1,54.0,3.4,1,490,-6
1771,10,0,1200,0,0,3,6,54.0,9.1,6,408,-2
1772,10,0,1200,0,0,4,2,54.0,5.5,3,450,10
1773,10,0,1200,0,0,5,8,54.0,180.5,14,444,2
1774,10,0,1200,0,0,6,4,54.0,135.3,12,452,-4
1775,10,0,1200,0,0,7,9,54.0,52.9,8,452,2
1776,10,0,1200,0,0,8,13,54.0,69.8,10,442,4
1777,10,0,1200,0,0,9,12,54.0,139.6,13,442,-10
1778,10,0,1200,0,0,10,10,54.0,7.5,5,426,4
1779,10,0,1200,0,0,11,11,54.0,7.1,4,462,0
1780,10,0,1200,0,0,12,5,54.0,19.7,7,462,6
1781,10,0,1200,0,0,13,7,54.0,111.1,11,512,0
1782,10,0,1200,0,0,14,14,54.0,56.3,9,438,-4
1783,11,0,2600,0,0,1,14,52.0,10.4,5,448,-2
1784,11,0,2600,0,0,2,13,53.0,4.9,4,448,-2
1785,11,0,2600,0,0,3,12,51.0,45.3,10,468,-4
1786,11,0,2600,0,0,4,6,56.0,4.5,3,458,2
1787,11,0,2600,0,0,5,1,53.0,18.2,6,484,2
1788,11,0,2600,0,0,6,9,54.0,110.5,12,520,2
1789,11,0,2600,0,0,7,8,56.0,3.9,2,522,10
1790,11,0,2600,0,0,8,5,54.0,29.1,7,504,-8
1791,11,0,2600,0,0,9,2,53.0,91.9,11,530,2
1792,11,0,2600,0,0,10,4,56.0,3.5,1,472,-2
1793,11,0,2600,0,0,11,3,54.0,35.2,9,500,2
1794,11,0,2600,0,0,12,11,57.0,30.5,8,496,18
1795,11,0,2600,0,0,13,7,52.0,252.2,14,472,-8
1796,11,0,2600,0,0,14,10,53.0,230.0,13,510,4
1797,12,1,1700,0,0,1,13,57.0,4.1,1,476,0
1798,12,1,1700,0,0,2,4,55.0,21.7,8,448,-4
1799,12,1,1700,0,0,3,12,55.0,5.2,3,478,0
1800,12,1,1700,0,0,4,2,57.0,7.1,4,512,2
1801,12,1,1700,0,0,5,5,54.0,5.1,2,518,10
1802,12,1,1700,0,0,6,9,57.0,18.9,7,480,-12
1803,12,1,1700,0,0,7,14,57.0,111.3,14,460,0
1804,12,1,1700,0,0,8,11,57.0,7.1,5,540,8
1805,12,1,1700,0,0,9,8,55.0,27.6,9,466,0
1806,12,1,1700,0,0,10,3,57.0,46.5,11,482,4
1807,12,1,1700,0,0,11,6,57.0,9.1,6,514,-18
1808,12,1,1700,0,0,12,7,52.0,73.3,13,452,4
1809,12,1,1700,0,0,13,1,57.0,46.8,12,456,-4
1810,12,1,1700,0,0,14,10,54.0,30.1,10,510,16
